function,group,deprecated_in_c_api,header_line,node_neo_binding,node_neo_wrapper,node_neo_symbol,node_neo_reason,go_binding,go_wrapper,go_symbol,go_reason,rust_binding,rust_wrapper,rust_symbol,rust_reason,csharp_binding,csharp_wrapper,csharp_symbol,csharp_reason,swift_binding,swift_wrapper,swift_symbol,swift_reason,julia_binding,julia_wrapper,julia_symbol,julia_reason
duckdb_create_instance_cache,Open Connect,False,938,True,True,create_instance_cache,,True,True,CreateInstanceCache,,True,False,duckdb_create_instance_cache,,False,False,,,False,False,,,True,False,duckdb_create_instance_cache,
duckdb_get_or_create_from_cache,Open Connect,False,952,True,True,get_or_create_from_cache,,True,True,GetOrCreateFromCache,,True,False,duckdb_get_or_create_from_cache,,False,False,,,False,False,,,True,False,duckdb_get_or_create_from_cache,
duckdb_destroy_instance_cache,Open Connect,False,961,False,False,,destroyed in finalizer,True,False,DestroyInstanceCache,,True,False,duckdb_destroy_instance_cache,,False,False,,,False,False,,,True,False,duckdb_destroy_instance_cache,
duckdb_open,Open Connect,False,972,True,True,open,,True,False,Open,,True,True,duckdb_open,,True,True,Startup.DuckDBOpen,,False,False,,,True,False,duckdb_open,
duckdb_open_ext,Open Connect,False,985,False,False,,consolidated into open,True,True,OpenExt,,True,True,duckdb_open_ext,,True,True,Startup.DuckDBOpen,,False,True,duckdb_open_ext,,True,True,duckdb_open_ext,
duckdb_close,Open Connect,False,996,True,False,close,,True,True,Close,,True,True,duckdb_close,,True,False,Startup.DuckDBClose,,False,True,duckdb_close,,True,True,duckdb_close,
duckdb_connect,Open Connect,False,1007,True,True,connect,,True,True,Connect,,True,True,duckdb_connect,,True,True,Startup.DuckDBConnect,,False,True,duckdb_connect,,True,True,duckdb_connect,
duckdb_interrupt,Open Connect,False,1014,True,True,interrupt,,True,True,Interrupt,,True,True,duckdb_interrupt,,True,False,Startup.DuckDBInterrupt,,False,False,,,True,False,duckdb_interrupt,
duckdb_query_progress,Open Connect,False,1022,True,True,query_progress,,True,False,QueryProgress,,True,False,duckdb_query_progress,,True,True,Startup.DuckDBQueryProgress,,False,False,,,True,False,duckdb_query_progress,
duckdb_disconnect,Open Connect,False,1029,True,False,disconnect,,True,True,Disconnect,,True,True,duckdb_disconnect,,True,False,Startup.DuckDBDisconnect,,False,True,duckdb_disconnect,,True,True,duckdb_disconnect,
duckdb_connection_get_client_context,Open Connect,False,1037,True,True,connection_get_client_context,,True,True,ConnectionGetClientContext,,True,False,duckdb_connection_get_client_context,,True,True,Startup.DuckDBConnectionGetClientContext,,False,False,,,True,False,duckdb_connection_get_client_context,
duckdb_connection_get_arrow_options,Open Connect,False,1045,False,False,,TODO: arrow,True,False,ConnectionGetArrowOptions,,True,False,duckdb_connection_get_arrow_options,,False,False,,,False,False,,,True,False,duckdb_connection_get_arrow_options,
duckdb_client_context_get_connection_id,Open Connect,False,1054,True,True,client_context_get_connection_id,,True,True,ClientContextGetConnectionId,,True,False,duckdb_client_context_get_connection_id,,True,False,Startup.DuckDBClientContextGetConnectionId,,False,False,,,True,False,duckdb_client_context_get_connection_id,
duckdb_destroy_client_context,Open Connect,False,1061,False,False,,destroyed in finalizer,True,True,DestroyClientContext,,True,False,duckdb_destroy_client_context,,True,False,Startup.DuckDBDestroyClientContext,,False,False,,,True,False,duckdb_destroy_client_context,
duckdb_destroy_arrow_options,Open Connect,False,1068,False,False,,TODO: arrow,True,False,DestroyArrowOptions,,True,True,duckdb_destroy_arrow_options,,True,False,Arrow.DuckDBDestroyArrowOptions,,False,False,,,True,False,duckdb_destroy_arrow_options,
duckdb_library_version,Open Connect,False,1075,True,True,library_version,,True,False,LibraryVersion,,True,False,duckdb_library_version,,True,True,Startup.DuckDBLibraryVersion,,False,False,,,True,False,duckdb_library_version,
duckdb_get_table_names,Open Connect,False,1087,True,True,get_table_names,,True,True,GetTableNames,,True,False,duckdb_get_table_names,,False,False,,,False,False,,,True,False,duckdb_get_table_names,
duckdb_create_config,Configuration,False,1109,True,True,create_config,,True,True,CreateConfig,,True,True,duckdb_create_config,,True,True,Configuration.DuckDBCreateConfig,,False,True,duckdb_create_config,,True,True,duckdb_create_config,
duckdb_config_count,Configuration,False,1118,True,True,config_count,,True,False,ConfigCount,,True,False,duckdb_config_count,,True,True,Configuration.DuckDBConfigCount,,False,True,duckdb_config_count,,True,False,duckdb_config_count,
duckdb_get_config_flag,Configuration,False,1131,True,True,get_config_flag,,True,False,GetConfigFlag,,True,False,duckdb_get_config_flag,,True,True,Configuration.DuckDBGetConfigFlag,,False,True,duckdb_get_config_flag,,True,False,duckdb_get_config_flag,
duckdb_set_config,Configuration,False,1146,True,True,set_config,,True,True,SetConfig,,True,True,duckdb_set_config,,True,True,Configuration.DuckDBSetConfig,,False,True,duckdb_set_config,,True,True,duckdb_set_config,
duckdb_destroy_config,Configuration,False,1153,False,False,,destroyed in finalizer,True,True,DestroyConfig,,True,True,duckdb_destroy_config,,True,False,Configuration.DuckDBDestroyConfig,,False,True,duckdb_destroy_config,,True,True,duckdb_destroy_config,
duckdb_create_error_data,Error Data,False,1171,False,False,,TODO: error data,True,False,CreateErrorData,,True,True,duckdb_create_error_data,,False,False,,,False,False,,,True,False,duckdb_create_error_data,
duckdb_destroy_error_data,Error Data,False,1178,False,False,,TODO: error data,True,True,DestroyErrorData,,True,True,duckdb_destroy_error_data,,True,False,ErrorData.DuckDBDestroyErrorData,,False,False,,,True,False,duckdb_destroy_error_data,
duckdb_error_data_error_type,Error Data,False,1186,False,False,,TODO: error data,True,True,ErrorDataErrorType,,True,True,duckdb_error_data_error_type,,True,True,ErrorData.DuckDBErrorDataErrorType,,False,False,,,True,False,duckdb_error_data_error_type,
duckdb_error_data_message,Error Data,False,1194,False,False,,TODO: error data,True,True,ErrorDataMessage,,True,True,duckdb_error_data_message,,True,False,ErrorData.DuckDBErrorDataMessage,,False,False,,,True,False,duckdb_error_data_message,
duckdb_error_data_has_error,Error Data,False,1202,False,False,,TODO: error data,True,True,ErrorDataHasError,,True,True,duckdb_error_data_has_error,,True,False,ErrorData.DuckDBErrorDataHasError,,False,False,,,True,False,duckdb_error_data_has_error,
duckdb_query,Query Execution,False,1224,True,True,query,,True,False,Query,,True,True,duckdb_query,,True,False,Query.DuckDBQuery,,False,True,duckdb_query,,True,True,duckdb_query,
duckdb_destroy_result,Query Execution,False,1231,False,False,,destroyed in finalizer,True,True,DestroyResult,,True,True,duckdb_destroy_result,,True,False,Query.DuckDBDestroyResult,,False,True,duckdb_destroy_result,,True,True,duckdb_destroy_result,
duckdb_column_name,Query Execution,False,1243,True,True,column_name,,True,True,ColumnName,,True,True,duckdb_column_name,,True,True,Query.DuckDBColumnName,,False,True,duckdb_column_name,,True,True,duckdb_column_name,
duckdb_column_type,Query Execution,False,1254,True,True,column_type,,True,True,ColumnType,,True,False,duckdb_column_type,,True,False,Query.DuckDBColumnType,,False,True,duckdb_column_type,,True,False,duckdb_column_type,
duckdb_result_statement_type,Query Execution,False,1262,True,True,result_statement_type,,True,False,ResultStatementType,,True,False,duckdb_result_statement_type,,True,False,Query.DuckDBResultStatementType,,False,False,,,True,False,duckdb_result_statement_type,
duckdb_column_logical_type,Query Execution,False,1275,True,True,column_logical_type,,True,True,ColumnLogicalType,,True,True,duckdb_column_logical_type,,True,True,Query.DuckDBColumnLogicalType,,False,True,duckdb_column_logical_type,,True,True,duckdb_column_logical_type,
duckdb_result_get_arrow_options,Query Execution,False,1284,False,False,,TODO: arrow,True,False,ResultGetArrowOptions,,True,True,duckdb_result_get_arrow_options,,True,True,Arrow.DuckDBResultGetArrowOptions,,False,False,,,True,False,duckdb_result_get_arrow_options,
duckdb_column_count,Query Execution,False,1292,True,True,column_count,,True,True,ColumnCount,,True,True,duckdb_column_count,,True,True,Query.DuckDBColumnCount,,False,True,duckdb_column_count,,True,True,duckdb_column_count,
duckdb_row_count,Query Execution,True,1303,True,True,row_count,,False,False,,,True,True,duckdb_row_count,,True,False,Query.DuckDBRowCount,,False,False,,,True,False,duckdb_row_count,
duckdb_rows_changed,Query Execution,False,1314,True,True,rows_changed,,True,True,RowsChanged,,True,True,duckdb_rows_changed,,True,True,Query.DuckDBRowsChanged,,False,False,,,True,False,duckdb_rows_changed,
duckdb_column_data,Query Execution,True,1336,False,False,,deprecated,False,False,,,True,False,duckdb_column_data,,True,False,Query.DuckDBColumnData,,False,False,,,True,False,duckdb_column_data,
duckdb_nullmask_data,Query Execution,True,1359,False,False,,deprecated,False,False,,,True,False,duckdb_nullmask_data,,True,False,Query.DuckDBNullmaskData,,False,False,,,True,False,duckdb_nullmask_data,
duckdb_result_error,Query Execution,False,1371,False,False,,"query, execute_prepared, and execute_pending reject promise with error",True,True,ResultError,,True,True,duckdb_result_error,,True,True,Query.DuckDBResultError,,False,True,duckdb_result_error,,True,True,duckdb_result_error,
duckdb_result_error_type,Query Execution,False,1380,False,False,,"query, execute_prepared, and execute_pending reject promise with error",True,False,ResultErrorType,,True,False,duckdb_result_error_type,,True,True,Query.DuckDBResultErrorType,,False,False,,,True,False,duckdb_result_error_type,
duckdb_result_get_chunk,Query Execution,True,1402,True,True,result_get_chunk,,True,False,ResultGetChunk,,True,False,duckdb_result_get_chunk,,True,True,Types.DuckDBResultGetChunk,,False,True,duckdb_result_get_chunk,,True,True,duckdb_result_get_chunk,
duckdb_result_is_streaming,Query Execution,True,1412,True,True,result_is_streaming,,True,False,ResultIsStreaming,,True,False,duckdb_result_is_streaming,,True,True,Types.DuckDBResultIsStreaming,,False,False,,,True,True,duckdb_result_is_streaming,
duckdb_result_chunk_count,Query Execution,True,1422,True,True,result_chunk_count,,True,False,ResultChunkCount,,True,False,duckdb_result_chunk_count,,True,False,Types.DuckDBResultChunkCount,,False,True,duckdb_result_chunk_count,,True,True,duckdb_result_chunk_count,
duckdb_result_return_type,Query Execution,False,1432,True,True,result_return_type,,True,False,ResultReturnType,,True,False,duckdb_result_return_type,,True,True,Query.DuckDBResultReturnType,,False,False,,,True,False,duckdb_result_return_type,
duckdb_value_boolean,Safe Fetch Functions,True,1454,False,False,,deprecated,False,False,,,True,False,duckdb_value_boolean,,True,False,Types.DuckDBValueBoolean,,False,False,,,True,False,duckdb_value_boolean,
duckdb_value_int8,Safe Fetch Functions,True,1461,False,False,,deprecated,False,False,,,True,False,duckdb_value_int8,,True,False,Types.DuckDBValueInt8,,False,False,,,True,False,duckdb_value_int8,
duckdb_value_int16,Safe Fetch Functions,True,1468,False,False,,deprecated,False,False,,,True,False,duckdb_value_int16,,True,False,Types.DuckDBValueInt16,,False,False,,,True,False,duckdb_value_int16,
duckdb_value_int32,Safe Fetch Functions,True,1475,False,False,,deprecated,False,False,,,True,False,duckdb_value_int32,,True,False,Types.DuckDBValueInt32,,False,False,,,True,False,duckdb_value_int32,
duckdb_value_int64,Safe Fetch Functions,True,1482,False,False,,deprecated,True,False,ValueInt64,,True,False,duckdb_value_int64,,True,False,Types.DuckDBValueInt64,,False,False,,,True,False,duckdb_value_int64,
duckdb_value_hugeint,Safe Fetch Functions,True,1489,False,False,,deprecated,False,False,,,True,False,duckdb_value_hugeint,,False,False,,,False,False,,,True,False,duckdb_value_hugeint,
duckdb_value_uhugeint,Safe Fetch Functions,True,1496,False,False,,deprecated,False,False,,,True,False,duckdb_value_uhugeint,,False,False,,,False,False,,,True,False,duckdb_value_uhugeint,
duckdb_value_decimal,Safe Fetch Functions,True,1503,False,False,,deprecated,False,False,,,True,False,duckdb_value_decimal,,True,False,Types.DuckDBValueDecimal,,False,False,,,True,False,duckdb_value_decimal,
duckdb_value_uint8,Safe Fetch Functions,True,1510,False,False,,deprecated,False,False,,,True,False,duckdb_value_uint8,,True,False,Types.DuckDBValueUInt8,,False,False,,,True,False,duckdb_value_uint8,
duckdb_value_uint16,Safe Fetch Functions,True,1517,False,False,,deprecated,False,False,,,True,False,duckdb_value_uint16,,True,False,Types.DuckDBValueUInt16,,False,False,,,True,False,duckdb_value_uint16,
duckdb_value_uint32,Safe Fetch Functions,True,1524,False,False,,deprecated,False,False,,,True,False,duckdb_value_uint32,,True,False,Types.DuckDBValueUInt32,,False,False,,,True,False,duckdb_value_uint32,
duckdb_value_uint64,Safe Fetch Functions,True,1531,False,False,,deprecated,False,False,,,True,False,duckdb_value_uint64,,True,False,Types.DuckDBValueUInt64,,False,False,,,True,False,duckdb_value_uint64,
duckdb_value_float,Safe Fetch Functions,True,1538,False,False,,deprecated,False,False,,,True,False,duckdb_value_float,,True,False,Types.DuckDBValueFloat,,False,False,,,True,False,duckdb_value_float,
duckdb_value_double,Safe Fetch Functions,True,1545,False,False,,deprecated,False,False,,,True,False,duckdb_value_double,,True,False,Types.DuckDBValueDouble,,False,False,,,True,False,duckdb_value_double,
duckdb_value_date,Safe Fetch Functions,True,1552,False,False,,deprecated,False,False,,,True,False,duckdb_value_date,,True,False,Types.DuckDBValueDate,,False,False,,,True,False,duckdb_value_date,
duckdb_value_time,Safe Fetch Functions,True,1559,False,False,,deprecated,False,False,,,True,False,duckdb_value_time,,True,False,Types.DuckDBValueTime,,False,False,,,True,False,duckdb_value_time,
duckdb_value_timestamp,Safe Fetch Functions,True,1566,False,False,,deprecated,False,False,,,True,False,duckdb_value_timestamp,,True,False,Types.DuckDBValueTimestamp,,False,False,,,True,False,duckdb_value_timestamp,
duckdb_value_interval,Safe Fetch Functions,True,1573,False,False,,deprecated,False,False,,,True,False,duckdb_value_interval,,True,False,Types.DuckDBValueInterval,,False,False,,,True,False,duckdb_value_interval,
duckdb_value_varchar,Safe Fetch Functions,True,1581,False,False,,deprecated,False,False,,,True,False,duckdb_value_varchar,,True,False,Types.DuckDBValueVarchar,,False,False,,,True,False,duckdb_value_varchar,
duckdb_value_string,Safe Fetch Functions,True,1588,False,False,,deprecated,False,False,,,True,False,duckdb_value_string,,False,False,,,False,False,,,True,False,duckdb_value_string,
duckdb_value_varchar_internal,Safe Fetch Functions,True,1598,False,False,,deprecated,False,False,,,True,False,duckdb_value_varchar_internal,,False,False,,,False,False,,,True,False,duckdb_value_varchar_internal,
duckdb_value_string_internal,Safe Fetch Functions,True,1608,False,False,,deprecated,False,False,,,True,False,duckdb_value_string_internal,,False,False,,,False,False,,,True,False,duckdb_value_string_internal,
duckdb_value_blob,Safe Fetch Functions,True,1616,False,False,,deprecated,False,False,,,True,False,duckdb_value_blob,,True,False,Types.DuckDBValueBlob,,False,False,,,True,False,duckdb_value_blob,
duckdb_value_is_null,Safe Fetch Functions,True,1623,False,False,,deprecated,False,False,,,True,False,duckdb_value_is_null,,False,False,,,False,False,,,True,False,duckdb_value_is_null,
duckdb_malloc,Helpers,False,1641,False,False,,only used internally,True,False,,,True,False,duckdb_malloc,,False,False,,,False,False,,,True,False,duckdb_malloc,
duckdb_free,Helpers,False,1649,False,False,,only used internally,True,False,Free,,True,True,duckdb_free,,True,False,Helpers.DuckDBFree,,False,True,duckdb_free,,True,True,duckdb_free,
duckdb_vector_size,Helpers,False,1657,True,True,vector_size,,True,True,VectorSize,,True,True,duckdb_vector_size,,True,True,Helpers.DuckDBVectorSize,,False,True,duckdb_vector_size,,True,True,duckdb_vector_size,
duckdb_string_is_inlined,Helpers,False,1664,False,False,,handled internally,True,False,StringIsInlined,,True,False,duckdb_string_is_inlined,,False,False,,,False,False,,,True,False,duckdb_string_is_inlined,
duckdb_string_t_length,Helpers,False,1672,False,False,,handled internally,True,False,StringTLength,,True,True,duckdb_string_t_length,,False,False,,,False,False,,,True,False,duckdb_string_t_length,
duckdb_string_t_data,Helpers,False,1680,False,False,,handled internally,True,True,StringTData,,True,True,duckdb_string_t_data,,False,False,,,False,False,,,True,False,duckdb_string_t_data,
duckdb_valid_utf8_check,Helpers,False,1690,False,False,,TODO: utf8,True,False,ValidUtf8Check,,True,False,duckdb_valid_utf8_check,,False,False,,,False,False,,,True,False,duckdb_valid_utf8_check,
duckdb_from_date,Date Time Timestamp Helpers,False,1706,True,True,from_date,,True,True,FromDate,,True,False,duckdb_from_date,,True,False,DateTimeHelpers.DuckDBFromDate,,False,True,duckdb_from_date,,True,False,duckdb_from_date,
duckdb_to_date,Date Time Timestamp Helpers,False,1714,True,True,to_date,,True,False,ToDate,,True,False,duckdb_to_date,,True,False,DateTimeHelpers.DuckDBToDate,,False,True,duckdb_to_date,,True,False,duckdb_to_date,
duckdb_is_finite_date,Date Time Timestamp Helpers,False,1722,True,True,is_finite_date,,True,False,IsFiniteDate,,True,False,duckdb_is_finite_date,,True,True,DateTimeHelpers.DuckDBIsFiniteDate,,False,False,,,True,False,duckdb_is_finite_date,
duckdb_from_time,Date Time Timestamp Helpers,False,1730,True,True,from_time,,True,False,FromTime,,True,False,duckdb_from_time,,True,True,DateTimeHelpers.DuckDBFromTime,,False,True,duckdb_from_time,,True,False,duckdb_from_time,
duckdb_create_time_tz,Date Time Timestamp Helpers,False,1739,True,False,create_time_tz,,True,True,CreateTimeTZ,,True,False,duckdb_create_time_tz,,True,True,DateTimeHelpers.DuckDBCreateTimeTz,,False,False,,,True,False,duckdb_create_time_tz,
duckdb_from_time_tz,Date Time Timestamp Helpers,False,1748,True,True,from_time_tz,,True,True,FromTimeTZ,,True,False,duckdb_from_time_tz,,True,True,DateTimeHelpers.DuckDBFromTimeTz,,False,True,duckdb_from_time_tz,,True,True,duckdb_from_time_tz,
duckdb_to_time,Date Time Timestamp Helpers,False,1756,True,True,to_time,,True,False,ToTime,,True,False,duckdb_to_time,,True,True,DateTimeHelpers.DuckDBToTime,,False,True,duckdb_to_time,,True,False,duckdb_to_time,
duckdb_from_timestamp,Date Time Timestamp Helpers,False,1764,True,True,from_timestamp,,True,False,FromTimestamp,,True,False,duckdb_from_timestamp,,True,False,DateTimeHelpers.DuckDBFromTimestamp,,False,True,duckdb_from_timestamp,,True,False,duckdb_from_timestamp,
duckdb_to_timestamp,Date Time Timestamp Helpers,False,1772,True,True,to_timestamp,,True,False,ToTimestamp,,True,False,duckdb_to_timestamp,,True,False,DateTimeHelpers.DuckDBToTimestamp,,False,True,duckdb_to_timestamp,,True,False,duckdb_to_timestamp,
duckdb_is_finite_timestamp,Date Time Timestamp Helpers,False,1780,True,True,is_finite_timestamp,,True,False,IsFiniteTimestamp,,True,False,duckdb_is_finite_timestamp,,True,True,DateTimeHelpers.DuckDBIsFiniteTimestamp,,False,False,,,True,False,duckdb_is_finite_timestamp,
duckdb_is_finite_timestamp_s,Date Time Timestamp Helpers,False,1788,True,True,is_finite_timestamp_s,,True,False,IsFiniteTimestampS,,True,False,duckdb_is_finite_timestamp_s,,True,True,DateTimeHelpers.DuckDBIsFiniteTimestampS,,False,False,,,True,False,duckdb_is_finite_timestamp_s,
duckdb_is_finite_timestamp_ms,Date Time Timestamp Helpers,False,1796,True,True,is_finite_timestamp_ms,,True,False,IsFiniteTimestampMS,,True,False,duckdb_is_finite_timestamp_ms,,True,True,DateTimeHelpers.DuckDBIsFiniteTimestampMs,,False,False,,,True,False,duckdb_is_finite_timestamp_ms,
duckdb_is_finite_timestamp_ns,Date Time Timestamp Helpers,False,1804,True,True,is_finite_timestamp_ns,,True,False,IsFiniteTimestampNS,,True,False,duckdb_is_finite_timestamp_ns,,True,True,DateTimeHelpers.DuckDBIsFiniteTimestampNs,,False,False,,,True,False,duckdb_is_finite_timestamp_ns,
duckdb_hugeint_to_double,Hugeint and Uhugeint Helpers,False,1819,True,True,hugeint_to_double,,True,False,HugeIntToDouble,,True,False,duckdb_hugeint_to_double,,False,False,,,False,False,,,True,False,duckdb_hugeint_to_double,
duckdb_double_to_hugeint,Hugeint and Uhugeint Helpers,False,1829,True,True,double_to_hugeint,,True,False,DoubleToHugeInt,,True,False,duckdb_double_to_hugeint,,False,False,,,False,False,,,True,False,duckdb_double_to_hugeint,
duckdb_uhugeint_to_double,Hugeint and Uhugeint Helpers,False,1837,True,True,uhugeint_to_double,,True,False,UHugeIntToDouble,,True,False,duckdb_uhugeint_to_double,,False,False,,,False,False,,,True,False,duckdb_uhugeint_to_double,
duckdb_double_to_uhugeint,Hugeint and Uhugeint Helpers,False,1847,True,True,double_to_uhugeint,,True,False,DoubleToUHugeInt,,True,False,duckdb_double_to_uhugeint,,False,False,,,False,False,,,True,False,duckdb_double_to_uhugeint,
duckdb_double_to_decimal,Decimal Helpers,False,1864,True,True,double_to_decimal,,True,False,DoubleToDecimal,,True,False,duckdb_double_to_decimal,,False,False,,,False,False,,,True,True,duckdb_double_to_decimal,
duckdb_decimal_to_double,Decimal Helpers,False,1872,True,True,decimal_to_double,,True,False,DecimalToDouble,,True,False,duckdb_decimal_to_double,,True,False,Helpers.DuckDBDecimalToDouble,,False,False,,,True,True,duckdb_decimal_to_double,
duckdb_prepare,Prepared Statements,False,1902,True,True,prepare,,True,False,Prepare,,True,False,duckdb_prepare,,True,False,PreparedStatements.DuckDBPrepare,,False,True,duckdb_prepare,,True,True,duckdb_prepare,
duckdb_destroy_prepare,Prepared Statements,False,1910,True,True,destroy_prepare_sync,,True,True,DestroyPrepare,,True,True,duckdb_destroy_prepare,,True,False,PreparedStatements.DuckDBDestroyPrepare,,False,True,duckdb_destroy_prepare,,True,True,duckdb_destroy_prepare,
duckdb_prepare_error,Prepared Statements,False,1921,False,False,,prepare rejects promise with error,True,True,PrepareError,,True,True,duckdb_prepare_error,,True,True,PreparedStatements.DuckDBPrepareError,,False,True,duckdb_prepare_error,,True,True,duckdb_prepare_error,
duckdb_nparams,Prepared Statements,False,1930,True,True,nparams,,True,True,NParams,,True,True,duckdb_nparams,,True,True,PreparedStatements.DuckDBParams,,False,True,duckdb_nparams,,True,True,duckdb_nparams,
duckdb_parameter_name,Prepared Statements,False,1940,True,True,parameter_name,,True,True,ParameterName,,True,True,duckdb_parameter_name,,False,False,,,False,False,,,True,True,duckdb_parameter_name,
duckdb_param_type,Prepared Statements,False,1951,True,True,param_type,,True,True,ParamType,,True,False,duckdb_param_type,,False,False,,,False,True,duckdb_param_type,,True,False,duckdb_param_type,
duckdb_param_logical_type,Prepared Statements,False,1964,True,True,param_logical_type,,True,True,ParamLogicalType,,True,False,duckdb_param_logical_type,,True,True,PreparedStatements.DuckDBParamLogicalType,,False,False,,,True,False,duckdb_param_logical_type,
duckdb_clear_bindings,Prepared Statements,False,1970,True,True,clear_bindings,,True,False,ClearBindings,,True,True,duckdb_clear_bindings,,False,False,,,False,True,duckdb_clear_bindings,,True,False,duckdb_clear_bindings,
duckdb_prepared_statement_type,Prepared Statements,False,1978,True,True,prepared_statement_type,,True,True,PreparedStatementType,,True,True,duckdb_prepared_statement_type,,False,False,,,False,False,,,True,False,duckdb_prepared_statement_type,
duckdb_prepared_statement_column_count,Prepared Statements,False,1987,True,True,prepared_statement_column_count,,True,True,PreparedStatementColumnCount,,True,True,duckdb_prepared_statement_column_count,,False,False,,,False,False,,,True,False,duckdb_prepared_statement_column_count,
duckdb_prepared_statement_column_name,Prepared Statements,False,1999,True,True,prepared_statement_column_name,,True,True,PreparedStatementColumnName,,True,False,duckdb_prepared_statement_column_name,,False,False,,,False,False,,,True,False,duckdb_prepared_statement_column_name,
duckdb_prepared_statement_column_logical_type,Prepared Statements,False,2012,True,True,prepared_statement_column_logical_type,,True,True,PreparedStatementColumnLogicalType,,True,True,duckdb_prepared_statement_column_logical_type,,False,False,,,False,False,,,True,False,duckdb_prepared_statement_column_logical_type,
duckdb_prepared_statement_column_type,Prepared Statements,False,2024,True,True,prepared_statement_column_type,,True,True,PreparedStatementColumnType,,True,False,duckdb_prepared_statement_column_type,,False,False,,,False,False,,,True,False,duckdb_prepared_statement_column_type,
duckdb_bind_value,Bind Values to Prepared Statements,False,2040,True,True,bind_value,,True,True,BindValue,,True,False,duckdb_bind_value,,True,True,PreparedStatements.DuckDBBindValue,,False,False,,,True,True,duckdb_bind_value,
duckdb_bind_parameter_index,Bind Values to Prepared Statements,False,2046,True,True,bind_parameter_index,,True,False,BindParameterIndex,,True,False,duckdb_bind_parameter_index,,True,True,PreparedStatements.DuckDBBindParameterIndex,,False,False,,,True,False,duckdb_bind_parameter_index,
duckdb_bind_boolean,Bind Values to Prepared Statements,False,2052,True,True,bind_boolean,,True,True,BindBoolean,,True,True,duckdb_bind_boolean,,True,False,PreparedStatements.DuckDBBindBoolean,,False,True,duckdb_bind_boolean,,True,True,duckdb_bind_boolean,
duckdb_bind_int8,Bind Values to Prepared Statements,False,2057,True,True,bind_int8,,True,True,BindInt8,,True,True,duckdb_bind_int8,,True,False,PreparedStatements.DuckDBBindInt8,,False,True,duckdb_bind_int8,,True,True,duckdb_bind_int8,
duckdb_bind_int16,Bind Values to Prepared Statements,False,2062,True,True,bind_int16,,True,True,BindInt16,,True,True,duckdb_bind_int16,,True,False,PreparedStatements.DuckDBBindInt16,,False,True,duckdb_bind_int16,,True,True,duckdb_bind_int16,
duckdb_bind_int32,Bind Values to Prepared Statements,False,2067,True,True,bind_int32,,True,True,BindInt32,,True,True,duckdb_bind_int32,,True,False,PreparedStatements.DuckDBBindInt32,,False,True,duckdb_bind_int32,,True,True,duckdb_bind_int32,
duckdb_bind_int64,Bind Values to Prepared Statements,False,2072,True,True,bind_int64,,True,True,BindInt64,,True,True,duckdb_bind_int64,,True,False,PreparedStatements.DuckDBBindInt64,,False,True,duckdb_bind_int64,,True,True,duckdb_bind_int64,
duckdb_bind_hugeint,Bind Values to Prepared Statements,False,2077,True,True,bind_hugeint,,True,True,BindHugeInt,,True,True,duckdb_bind_hugeint,,True,False,PreparedStatements.DuckDBBindHugeInt,,False,True,duckdb_bind_hugeint,,True,False,duckdb_bind_hugeint,
duckdb_bind_uhugeint,Bind Values to Prepared Statements,False,2083,True,True,bind_uhugeint,,True,True,BindUHugeInt,,True,True,duckdb_bind_uhugeint,,False,False,,,False,True,duckdb_bind_uhugeint,,True,False,duckdb_bind_uhugeint,
duckdb_bind_decimal,Bind Values to Prepared Statements,False,2089,True,True,bind_decimal,,True,False,BindDecimal,,True,True,duckdb_bind_decimal,,False,False,,,False,True,duckdb_bind_decimal,,True,False,duckdb_bind_decimal,
duckdb_bind_uint8,Bind Values to Prepared Statements,False,2095,True,True,bind_uint8,,True,True,BindUInt8,,True,True,duckdb_bind_uint8,,True,False,PreparedStatements.DuckDBBindUInt8,,False,True,duckdb_bind_uint8,,True,True,duckdb_bind_uint8,
duckdb_bind_uint16,Bind Values to Prepared Statements,False,2100,True,True,bind_uint16,,True,True,BindUInt16,,True,True,duckdb_bind_uint16,,True,False,PreparedStatements.DuckDBBindUInt16,,False,True,duckdb_bind_uint16,,True,True,duckdb_bind_uint16,
duckdb_bind_uint32,Bind Values to Prepared Statements,False,2106,True,True,bind_uint32,,True,True,BindUInt32,,True,True,duckdb_bind_uint32,,True,False,PreparedStatements.DuckDBBindUInt32,,False,True,duckdb_bind_uint32,,True,True,duckdb_bind_uint32,
duckdb_bind_uint64,Bind Values to Prepared Statements,False,2112,True,True,bind_uint64,,True,True,BindUInt64,,True,True,duckdb_bind_uint64,,True,False,PreparedStatements.DuckDBBindUInt64,,False,True,duckdb_bind_uint64,,True,True,duckdb_bind_uint64,
duckdb_bind_float,Bind Values to Prepared Statements,False,2118,True,True,bind_float,,True,True,BindFloat,,True,True,duckdb_bind_float,,True,False,PreparedStatements.DuckDBBindFloat,,False,True,duckdb_bind_float,,True,True,duckdb_bind_float,
duckdb_bind_double,Bind Values to Prepared Statements,False,2123,True,True,bind_double,,True,True,BindDouble,,True,True,duckdb_bind_double,,True,False,PreparedStatements.DuckDBBindDouble,,False,True,duckdb_bind_double,,True,True,duckdb_bind_double,
duckdb_bind_date,Bind Values to Prepared Statements,False,2128,True,True,bind_date,,True,True,BindDate,,True,True,duckdb_bind_date,,True,False,PreparedStatements.DuckDBBindDate,,False,True,duckdb_bind_date,,True,True,duckdb_bind_date,
duckdb_bind_time,Bind Values to Prepared Statements,False,2134,True,True,bind_time,,True,True,BindTime,,True,True,duckdb_bind_time,,True,False,PreparedStatements.DuckDBBindTime,,False,True,duckdb_bind_time,,True,True,duckdb_bind_time,
duckdb_bind_timestamp,Bind Values to Prepared Statements,False,2140,True,True,bind_timestamp,,True,True,BindTimestamp,,True,True,duckdb_bind_timestamp,,True,False,PreparedStatements.DuckDBBindTimestamp,,False,True,duckdb_bind_timestamp,,True,True,duckdb_bind_timestamp,
duckdb_bind_timestamp_tz,Bind Values to Prepared Statements,False,2146,True,False,bind_timestamp_tz,,True,True,BindTimestampTZ,,True,False,duckdb_bind_timestamp_tz,,False,False,,,False,False,,,True,False,duckdb_bind_timestamp_tz,
duckdb_bind_interval,Bind Values to Prepared Statements,False,2152,True,True,bind_interval,,True,True,BindInterval,,True,True,duckdb_bind_interval,,False,False,,,False,True,duckdb_bind_interval,,True,False,duckdb_bind_interval,
duckdb_bind_varchar,Bind Values to Prepared Statements,False,2160,True,True,bind_varchar,,False,False,,,True,False,duckdb_bind_varchar,,True,False,PreparedStatements.DuckDBBindVarchar,,False,False,,,True,False,duckdb_bind_varchar,
duckdb_bind_varchar_length,Bind Values to Prepared Statements,False,2168,False,False,,JS string includes length,True,True,BindVarcharLength,,True,True,duckdb_bind_varchar_length,,False,False,,,False,True,duckdb_bind_varchar_length,,True,True,duckdb_bind_varchar_length,
duckdb_bind_blob,Bind Values to Prepared Statements,False,2174,True,True,bind_blob,,True,True,BindBlob,,True,True,duckdb_bind_blob,,True,False,PreparedStatements.DuckDBBindBlob,,False,True,duckdb_bind_blob,,True,True,duckdb_bind_blob,
duckdb_bind_null,Bind Values to Prepared Statements,False,2180,True,True,bind_null,,True,True,BindNull,,True,True,duckdb_bind_null,,True,False,PreparedStatements.DuckDBBindNull,,False,True,duckdb_bind_null,,True,True,duckdb_bind_null,
duckdb_execute_prepared,Execute Prepared Statements,False,2201,True,True,execute_prepared,,True,False,ExecutePrepared,,True,True,duckdb_execute_prepared,,True,True,PreparedStatements.DuckDBExecutePrepared,,False,True,duckdb_execute_prepared,,True,False,duckdb_execute_prepared,
duckdb_execute_prepared_streaming,Execute Prepared Statements,True,2220,True,True,execute_prepared_streaming,,True,False,ExecutePreparedStreaming,,True,True,duckdb_execute_prepared_streaming,,True,True,PreparedStatements.DuckDBExecutePreparedStreaming,,False,False,,,True,False,duckdb_execute_prepared_streaming,
duckdb_extract_statements,Extract Statements,False,2245,True,True,extract_statements,,True,True,ExtractStatements,,True,True,duckdb_extract_statements,,True,True,ExtractStatements.DuckDBExtractStatements,,False,False,,,True,False,duckdb_extract_statements,
duckdb_prepare_extracted_statement,Extract Statements,False,2261,True,True,prepare_extracted_statement,,True,True,PrepareExtractedStatement,,True,True,duckdb_prepare_extracted_statement,,True,True,ExtractStatements.DuckDBPrepareExtractedStatement,,False,False,,,True,False,duckdb_prepare_extracted_statement,
duckdb_extract_statements_error,Extract Statements,False,2273,True,True,extract_statements_error,,True,True,ExtractStatementsError,,True,True,duckdb_extract_statements_error,,True,True,ExtractStatements.DuckDBExtractStatementsError,,False,False,,,True,False,duckdb_extract_statements_error,
duckdb_destroy_extracted,Extract Statements,False,2279,False,False,,destroyed in finalizer,True,True,DestroyExtracted,,True,True,duckdb_destroy_extracted,,True,False,ExtractStatements.DuckDBDestroyExtracted,,False,False,,,True,False,duckdb_destroy_extracted,
duckdb_pending_prepared,Pending Result Interface,False,2300,True,True,pending_prepared,,True,True,PendingPrepared,,True,False,duckdb_pending_prepared,,False,False,,,False,False,,,True,True,duckdb_pending_prepared,
duckdb_pending_prepared_streaming,Pending Result Interface,True,2318,True,True,pending_prepared_streaming,,True,False,PendingPreparedStreaming,,True,False,duckdb_pending_prepared_streaming,,False,False,,,False,False,,,True,True,duckdb_pending_prepared_streaming,
duckdb_destroy_pending,Pending Result Interface,False,2328,False,False,,destroyed in finalizer,True,True,DestroyPending,,True,False,duckdb_destroy_pending,,False,False,,,False,False,,,True,True,duckdb_destroy_pending,
duckdb_pending_error,Pending Result Interface,False,2338,True,True,pending_error,,True,True,PendingError,,True,False,duckdb_pending_error,,False,False,,,False,False,,,True,True,duckdb_pending_error,
duckdb_pending_execute_task,Pending Result Interface,False,2352,True,True,pending_execute_task,,True,False,PendingExecuteTask,,True,False,duckdb_pending_execute_task,,False,False,,,False,False,,,True,True,duckdb_pending_execute_task,
duckdb_pending_execute_check_state,Pending Result Interface,False,2364,True,False,pending_execute_check_state,,True,False,PendingExecuteCheckState,,True,False,duckdb_pending_execute_check_state,,False,False,,,False,False,,,True,True,duckdb_pending_execute_check_state,
duckdb_execute_pending,Pending Result Interface,False,2378,True,True,execute_pending,,True,True,ExecutePending,,True,False,duckdb_execute_pending,,False,False,,,False,False,,,True,True,duckdb_execute_pending,
duckdb_pending_execution_is_finished,Pending Result Interface,False,2387,True,False,pending_execution_is_finished,,True,False,PendingExecutionIsFinished,,True,False,duckdb_pending_execution_is_finished,,False,False,,,False,False,,,True,True,duckdb_pending_execution_is_finished,
duckdb_destroy_value,Value Interface,False,2403,False,False,,destroyed in finalizer,True,True,DestroyValue,,True,True,duckdb_destroy_value,,True,False,Value.DuckDBDestroyValue,,False,False,,,True,True,duckdb_destroy_value,
duckdb_create_varchar,Value Interface,False,2413,True,True,create_varchar,,False,False,,,True,True,duckdb_create_varchar,,True,True,Value.DuckDBCreateVarchar,,False,False,,,True,False,duckdb_create_varchar,
duckdb_create_varchar_length,Value Interface,False,2422,False,False,,JS string includes length,True,True,CreateVarcharLength,,True,False,duckdb_create_varchar_length,,False,False,,,False,False,,,True,True,duckdb_create_varchar_length,
duckdb_create_bool,Value Interface,False,2430,True,True,create_bool,,True,True,CreateBool,,True,True,duckdb_create_bool,,True,True,Value.DuckDBCreateBool,,False,False,,,True,True,duckdb_create_bool,
duckdb_create_int8,Value Interface,False,2438,True,True,create_int8,,True,True,CreateInt8,,True,True,duckdb_create_int8,,True,True,Value.DuckDBCreateInt8,,False,False,,,True,True,duckdb_create_int8,
duckdb_create_uint8,Value Interface,False,2446,True,True,create_uint8,,True,True,CreateUInt8,,True,True,duckdb_create_uint8,,True,True,Value.DuckDBCreateUInt8,,False,False,,,True,True,duckdb_create_uint8,
duckdb_create_int16,Value Interface,False,2454,True,True,create_int16,,True,True,CreateInt16,,True,True,duckdb_create_int16,,True,True,Value.DuckDBCreateInt16,,False,False,,,True,True,duckdb_create_int16,
duckdb_create_uint16,Value Interface,False,2462,True,True,create_uint16,,True,True,CreateUInt16,,True,True,duckdb_create_uint16,,True,True,Value.DuckDBCreateUInt16,,False,False,,,True,True,duckdb_create_uint16,
duckdb_create_int32,Value Interface,False,2470,True,True,create_int32,,True,True,CreateInt32,,True,True,duckdb_create_int32,,True,True,Value.DuckDBCreateInt32,,False,False,,,True,True,duckdb_create_int32,
duckdb_create_uint32,Value Interface,False,2478,True,True,create_uint32,,True,True,CreateUInt32,,True,True,duckdb_create_uint32,,True,True,Value.DuckDBCreateUInt32,,False,False,,,True,True,duckdb_create_uint32,
duckdb_create_uint64,Value Interface,False,2486,True,True,create_uint64,,True,True,CreateUInt64,,True,True,duckdb_create_uint64,,True,True,Value.DuckDBCreateUInt64,,False,False,,,True,True,duckdb_create_uint64,
duckdb_create_int64,Value Interface,False,2493,True,True,create_int64,,True,True,CreateInt64,,True,True,duckdb_create_int64,,True,True,Value.DuckDBCreateInt64,,False,False,,,True,True,duckdb_create_int64,
duckdb_create_hugeint,Value Interface,False,2501,True,True,create_hugeint,,True,True,CreateHugeInt,,True,False,duckdb_create_hugeint,,True,True,Value.DuckDBCreateHugeInt,,False,False,,,True,True,duckdb_create_hugeint,
duckdb_create_uhugeint,Value Interface,False,2509,True,True,create_uhugeint,,True,True,CreateUHugeInt,,True,False,duckdb_create_uhugeint,,True,False,Value.DuckDBCreateUHugeInt,,False,False,,,True,True,duckdb_create_uhugeint,
duckdb_create_bignum,Value Interface,False,2517,True,True,create_bignum,,True,True,CreateBigNum,,True,False,duckdb_create_bignum,,False,False,,,False,False,,,True,False,duckdb_create_bignum,
duckdb_create_decimal,Value Interface,False,2528,True,True,create_decimal,,True,False,CreateDecimal,,True,True,duckdb_create_decimal,,True,True,Value.DuckDBCreateDecimal,,False,False,,,True,False,duckdb_create_decimal,
duckdb_create_float,Value Interface,False,2536,True,True,create_float,,True,True,CreateFloat,,True,True,duckdb_create_float,,True,True,Value.DuckDBCreateFloat,,False,False,,,True,True,duckdb_create_float,
duckdb_create_double,Value Interface,False,2544,True,True,create_double,,True,True,CreateDouble,,True,True,duckdb_create_double,,True,True,Value.DuckDBCreateDouble,,False,False,,,True,True,duckdb_create_double,
duckdb_create_date,Value Interface,False,2552,True,True,create_date,,True,True,CreateDate,,True,False,duckdb_create_date,,True,True,Value.DuckDBCreateDate,,False,False,,,True,True,duckdb_create_date,
duckdb_create_time,Value Interface,False,2560,True,True,create_time,,True,True,CreateTime,,True,False,duckdb_create_time,,True,True,Value.DuckDBCreateTime,,False,False,,,True,True,duckdb_create_time,
duckdb_create_time_ns,Value Interface,False,2568,True,True,create_time_ns,,True,False,CreateTimeNS,,True,False,duckdb_create_time_ns,,False,False,,,False,False,,,True,False,duckdb_create_time_ns,
duckdb_create_time_tz_value,Value Interface,False,2577,True,True,create_time_tz_value,,True,True,CreateTimeTZValue,,True,False,duckdb_create_time_tz_value,,True,True,Value.DuckDBCreateTimeTz,,False,False,,,True,False,duckdb_create_time_tz_value,
duckdb_create_timestamp,Value Interface,False,2585,True,True,create_timestamp,,True,True,CreateTimestamp,,True,False,duckdb_create_timestamp,,True,True,Value.DuckDBCreateTimestamp,,False,False,,,True,True,duckdb_create_timestamp,
duckdb_create_timestamp_tz,Value Interface,False,2593,True,True,create_timestamp_tz,,True,True,CreateTimestampTZ,,True,False,duckdb_create_timestamp_tz,,True,True,Value.DuckDBCreateTimestampTz,,False,False,,,True,False,duckdb_create_timestamp_tz,
duckdb_create_timestamp_s,Value Interface,False,2601,True,True,create_timestamp_s,,True,True,CreateTimestampS,,True,False,duckdb_create_timestamp_s,,True,True,Value.DuckDBCreateTimestampS,,False,False,,,True,False,duckdb_create_timestamp_s,
duckdb_create_timestamp_ms,Value Interface,False,2609,True,True,create_timestamp_ms,,True,True,CreateTimestampMS,,True,False,duckdb_create_timestamp_ms,,True,True,Value.DuckDBCreateTimestampMs,,False,False,,,True,False,duckdb_create_timestamp_ms,
duckdb_create_timestamp_ns,Value Interface,False,2617,True,True,create_timestamp_ns,,True,True,CreateTimestampNS,,True,False,duckdb_create_timestamp_ns,,True,True,Value.DuckDBCreateTimestampNs,,False,False,,,True,False,duckdb_create_timestamp_ns,
duckdb_create_interval,Value Interface,False,2625,True,True,create_interval,,True,True,CreateInterval,,True,False,duckdb_create_interval,,True,True,Value.DuckDBCreateInterval,,False,False,,,True,False,duckdb_create_interval,
duckdb_create_blob,Value Interface,False,2634,True,True,create_blob,,True,False,CreateBlob,,True,False,duckdb_create_blob,,True,True,Value.DuckDBCreateBlob,,False,False,,,True,True,duckdb_create_blob,
duckdb_create_bit,Value Interface,False,2642,True,True,create_bit,,True,True,CreateBit,,True,False,duckdb_create_bit,,False,False,,,False,False,,,True,False,duckdb_create_bit,
duckdb_create_uuid,Value Interface,False,2650,True,True,create_uuid,,True,True,CreateUUID,,True,False,duckdb_create_uuid,,True,True,Value.DuckDBCreateUuid,,False,False,,,True,False,duckdb_create_uuid,
duckdb_get_bool,Value Interface,False,2658,True,False,get_bool,,True,True,GetBool,,True,False,duckdb_get_bool,,True,False,Value.DuckDBGetBool,,False,False,,,True,False,duckdb_get_bool,
duckdb_get_int8,Value Interface,False,2666,True,False,get_int8,,True,True,GetInt8,,True,False,duckdb_get_int8,,True,False,Value.DuckDBGetInt8,,False,False,,,True,False,duckdb_get_int8,
duckdb_get_uint8,Value Interface,False,2674,True,False,get_uint8,,True,True,GetUInt8,,True,False,duckdb_get_uint8,,True,False,Value.DuckDBGetUInt8,,False,False,,,True,False,duckdb_get_uint8,
duckdb_get_int16,Value Interface,False,2682,True,False,get_int16,,True,True,GetInt16,,True,False,duckdb_get_int16,,True,False,Value.DuckDBGetInt16,,False,False,,,True,False,duckdb_get_int16,
duckdb_get_uint16,Value Interface,False,2690,True,False,get_uint16,,True,True,GetUInt16,,True,False,duckdb_get_uint16,,True,False,Value.DuckDBGetUInt16,,False,False,,,True,False,duckdb_get_uint16,
duckdb_get_int32,Value Interface,False,2698,True,False,get_int32,,True,True,GetInt32,,True,False,duckdb_get_int32,,True,False,Value.DuckDBGetInt32,,False,False,,,True,False,duckdb_get_int32,
duckdb_get_uint32,Value Interface,False,2706,True,False,get_uint32,,True,True,GetUInt32,,True,False,duckdb_get_uint32,,True,False,Value.DuckDBGetUInt32,,False,False,,,True,False,duckdb_get_uint32,
duckdb_get_int64,Value Interface,False,2714,True,False,get_int64,,True,True,GetInt64,,True,False,duckdb_get_int64,,True,False,Value.DuckDBGetInt64,,False,False,,,True,True,duckdb_get_int64,
duckdb_get_uint64,Value Interface,False,2722,True,False,get_uint64,,True,True,GetUInt64,,True,False,duckdb_get_uint64,,True,False,Value.DuckDBGetUInt64,,False,False,,,True,False,duckdb_get_uint64,
duckdb_get_hugeint,Value Interface,False,2730,True,False,get_hugeint,,True,True,GetHugeInt,,True,False,duckdb_get_hugeint,,True,False,Value.DuckDBGetHugeInt,,False,False,,,True,False,duckdb_get_hugeint,
duckdb_get_uhugeint,Value Interface,False,2738,True,False,get_uhugeint,,True,True,GetUHugeInt,,True,False,duckdb_get_uhugeint,,True,False,Value.DuckDBGetUHugeInt,,False,False,,,True,False,duckdb_get_uhugeint,
duckdb_get_bignum,Value Interface,False,2747,True,False,get_bignum,,True,True,GetBigNum,,True,False,duckdb_get_bignum,,False,False,,,False,False,,,True,False,duckdb_get_bignum,
duckdb_get_decimal,Value Interface,False,2755,True,False,get_decimal,,True,False,GetDecimal,,True,False,duckdb_get_decimal,,False,False,,,False,False,,,True,False,duckdb_get_decimal,
duckdb_get_float,Value Interface,False,2763,True,False,get_float,,True,True,GetFloat,,True,False,duckdb_get_float,,True,False,Value.DuckDBGetFloat,,False,False,,,True,False,duckdb_get_float,
duckdb_get_double,Value Interface,False,2771,True,False,get_double,,True,True,GetDouble,,True,False,duckdb_get_double,,True,False,Value.DuckDBGetDouble,,False,False,,,True,False,duckdb_get_double,
duckdb_get_date,Value Interface,False,2779,True,False,get_date,,True,True,GetDate,,True,False,duckdb_get_date,,True,False,Value.DuckDBGetDate,,False,False,,,True,False,duckdb_get_date,
duckdb_get_time,Value Interface,False,2787,True,False,get_time,,True,True,GetTime,,True,False,duckdb_get_time,,True,False,Value.DuckDBGetTime,,False,False,,,True,False,duckdb_get_time,
duckdb_get_time_ns,Value Interface,False,2795,True,False,get_time_ns,,True,False,GetTimeNS,,True,False,duckdb_get_time_ns,,False,False,,,False,False,,,True,False,duckdb_get_time_ns,
duckdb_get_time_tz,Value Interface,False,2803,True,False,get_time_tz,,True,True,GetTimeTZ,,True,False,duckdb_get_time_tz,,True,False,Value.DuckDBGetTimeTz,,False,False,,,True,False,duckdb_get_time_tz,
duckdb_get_timestamp,Value Interface,False,2811,True,False,get_timestamp,,True,True,GetTimestamp,,True,False,duckdb_get_timestamp,,True,False,Value.DuckDBGetTimestamp,,False,False,,,True,False,duckdb_get_timestamp,
duckdb_get_timestamp_tz,Value Interface,False,2819,True,False,get_timestamp_tz,,True,False,GetTimestampTZ,,True,False,duckdb_get_timestamp_tz,,False,False,,,False,False,,,True,False,duckdb_get_timestamp_tz,
duckdb_get_timestamp_s,Value Interface,False,2827,True,False,get_timestamp_s,,True,True,GetTimestampS,,True,False,duckdb_get_timestamp_s,,True,False,Value.DuckDBGetTimestampS,,False,False,,,True,False,duckdb_get_timestamp_s,
duckdb_get_timestamp_ms,Value Interface,False,2835,True,False,get_timestamp_ms,,True,True,GetTimestampMS,,True,False,duckdb_get_timestamp_ms,,True,False,Value.DuckDBGetTimestampMs,,False,False,,,True,False,duckdb_get_timestamp_ms,
duckdb_get_timestamp_ns,Value Interface,False,2843,True,False,get_timestamp_ns,,True,True,GetTimestampNS,,True,False,duckdb_get_timestamp_ns,,True,False,Value.DuckDBGetTimestampNs,,False,False,,,True,False,duckdb_get_timestamp_ns,
duckdb_get_interval,Value Interface,False,2851,True,False,get_interval,,True,True,GetInterval,,True,False,duckdb_get_interval,,True,False,Value.DuckDBGetInterval,,False,False,,,True,False,duckdb_get_interval,
duckdb_get_value_type,Value Interface,False,2860,True,False,get_value_type,,True,True,GetValueType,,True,True,duckdb_get_value_type,,True,False,Value.DuckDBGetValueType,,False,False,,,True,False,duckdb_get_value_type,
duckdb_get_blob,Value Interface,False,2868,True,False,get_blob,,True,False,GetBlob,,True,False,duckdb_get_blob,,False,False,,,False,False,,,True,False,duckdb_get_blob,
duckdb_get_bit,Value Interface,False,2877,True,False,get_bit,,True,True,GetBit,,True,False,duckdb_get_bit,,False,False,,,False,False,,,True,False,duckdb_get_bit,
duckdb_get_uuid,Value Interface,False,2885,True,False,get_uuid,,True,False,GetUUID,,True,False,duckdb_get_uuid,,False,False,,,False,False,,,True,False,duckdb_get_uuid,
duckdb_get_varchar,Value Interface,False,2894,True,True,get_varchar,,True,True,GetVarchar,,True,True,duckdb_get_varchar,,True,False,Value.DuckDBGetVarchar,,False,False,,,True,True,duckdb_get_varchar,
duckdb_create_struct_value,Value Interface,False,2903,True,True,create_struct_value,,True,True,CreateStructValue,,True,False,duckdb_create_struct_value,,False,False,,,False,False,,,True,False,duckdb_create_struct_value,
duckdb_create_list_value,Value Interface,False,2914,True,True,create_list_value,,True,True,CreateListValue,,True,True,duckdb_create_list_value,,True,True,Value.DuckDBCreateListValue,,False,False,,,True,True,duckdb_create_list_value,
duckdb_create_array_value,Value Interface,False,2925,True,True,create_array_value,,True,True,CreateArrayValue,,True,False,duckdb_create_array_value,,True,True,Value.DuckDBCreateArrayValue,,False,False,,,True,False,duckdb_create_array_value,
duckdb_create_map_value,Value Interface,False,2937,True,True,create_map_value,,True,True,CreateMapValue,,True,False,duckdb_create_map_value,,False,False,,,False,False,,,True,False,duckdb_create_map_value,
duckdb_create_union_value,Value Interface,False,2949,True,True,create_union_value,,True,False,CreateUnionValue,,True,False,duckdb_create_union_value,,False,False,,,False,False,,,True,False,duckdb_create_union_value,
duckdb_get_map_size,Value Interface,False,2958,True,False,get_map_size,,True,True,GetMapSize,,True,True,duckdb_get_map_size,,False,False,,,False,False,,,True,False,duckdb_get_map_size,
duckdb_get_map_key,Value Interface,False,2967,True,False,get_map_key,,True,True,GetMapKey,,True,True,duckdb_get_map_key,,False,False,,,False,False,,,True,False,duckdb_get_map_key,
duckdb_get_map_value,Value Interface,False,2976,True,False,get_map_value,,True,True,GetMapValue,,True,True,duckdb_get_map_value,,False,False,,,False,False,,,True,False,duckdb_get_map_value,
duckdb_is_null_value,Value Interface,False,2984,True,False,is_null_value,,True,False,IsNullValue,,True,True,duckdb_is_null_value,,True,False,Value.DuckDBIsNullValue,,False,False,,,True,False,duckdb_is_null_value,
duckdb_create_null_value,Value Interface,False,2991,True,True,create_null_value,,True,True,CreateNullValue,,True,True,duckdb_create_null_value,,True,True,Value.DuckDBCreateNullValue,,False,False,,,True,True,duckdb_create_null_value,
duckdb_get_list_size,Value Interface,False,2999,True,True,get_list_size,,True,True,GetListSize,,True,True,duckdb_get_list_size,,False,False,,,False,False,,,True,False,duckdb_get_list_size,
duckdb_get_list_child,Value Interface,False,3008,True,True,get_list_child,,True,True,GetListChild,,True,True,duckdb_get_list_child,,False,False,,,False,False,,,True,False,duckdb_get_list_child,
duckdb_create_enum_value,Value Interface,False,3017,True,True,create_enum_value,,True,False,CreateEnumValue,,True,False,duckdb_create_enum_value,,False,False,,,False,False,,,True,False,duckdb_create_enum_value,
duckdb_get_enum_value,Value Interface,False,3025,True,False,get_enum_value,,True,False,GetEnumValue,,True,False,duckdb_get_enum_value,,False,False,,,False,False,,,True,False,duckdb_get_enum_value,
duckdb_get_struct_child,Value Interface,False,3034,True,False,get_struct_child,,True,False,GetStructChild,,True,False,duckdb_get_struct_child,,False,False,,,False,False,,,True,False,duckdb_get_struct_child,
duckdb_value_to_string,Value Interface,False,3042,False,False,,TODO: value to string,True,False,ValueToString,,True,False,duckdb_value_to_string,,False,False,,,False,False,,,True,False,duckdb_value_to_string,
duckdb_create_logical_type,Logical Type Interface,False,3061,True,True,create_logical_type,,True,True,CreateLogicalType,,True,True,duckdb_create_logical_type,,True,True,LogicalType.DuckDBCreateLogicalType,,False,False,,,True,True,duckdb_create_logical_type,
duckdb_logical_type_get_alias,Logical Type Interface,False,3070,True,True,logical_type_get_alias,,True,True,LogicalTypeGetAlias,,True,True,duckdb_logical_type_get_alias,,False,False,,,False,False,,,True,False,duckdb_logical_type_get_alias,
duckdb_logical_type_set_alias,Logical Type Interface,False,3078,True,True,logical_type_set_alias,,True,True,LogicalTypeSetAlias,,True,True,duckdb_logical_type_set_alias,,False,False,,,False,False,,,True,False,duckdb_logical_type_set_alias,
duckdb_create_list_type,Logical Type Interface,False,3087,True,True,create_list_type,,True,True,CreateListType,,True,True,duckdb_create_list_type,,True,True,LogicalType.DuckDBCreateListType,,False,False,,,True,False,duckdb_create_list_type,
duckdb_create_array_type,Logical Type Interface,False,3097,True,True,create_array_type,,True,True,CreateArrayType,,True,True,duckdb_create_array_type,,False,False,,,False,False,,,True,False,duckdb_create_array_type,
duckdb_create_map_type,Logical Type Interface,False,3107,True,True,create_map_type,,True,True,CreateMapType,,True,True,duckdb_create_map_type,,False,False,,,False,False,,,True,False,duckdb_create_map_type,
duckdb_create_union_type,Logical Type Interface,False,3118,True,True,create_union_type,,True,True,CreateUnionType,,True,True,duckdb_create_union_type,,False,False,,,False,False,,,True,False,duckdb_create_union_type,
duckdb_create_struct_type,Logical Type Interface,False,3130,True,True,create_struct_type,,True,True,CreateStructType,,True,True,duckdb_create_struct_type,,False,False,,,False,False,,,True,False,duckdb_create_struct_type,
duckdb_create_enum_type,Logical Type Interface,False,3141,True,True,create_enum_type,,True,True,CreateEnumType,,True,False,duckdb_create_enum_type,,False,False,,,False,False,,,True,False,duckdb_create_enum_type,
duckdb_create_decimal_type,Logical Type Interface,False,3151,True,True,create_decimal_type,,True,True,CreateDecimalType,,True,True,duckdb_create_decimal_type,,True,True,LogicalType.DuckDBCreateDecimalType,,False,False,,,True,True,duckdb_create_decimal_type,
duckdb_get_type_id,Logical Type Interface,False,3159,True,True,get_type_id,,True,True,GetTypeId,,True,True,duckdb_get_type_id,,True,True,LogicalType.DuckDBGetTypeId,,False,True,duckdb_get_type_id,,True,True,duckdb_get_type_id,
duckdb_decimal_width,Logical Type Interface,False,3167,True,True,decimal_width,,True,True,DecimalWidth,,True,True,duckdb_decimal_width,,True,True,LogicalType.DuckDBDecimalWidth,,False,True,duckdb_decimal_width,,True,False,duckdb_decimal_width,
duckdb_decimal_scale,Logical Type Interface,False,3175,True,True,decimal_scale,,True,True,DecimalScale,,True,True,duckdb_decimal_scale,,True,True,LogicalType.DuckDBDecimalScale,,False,True,duckdb_decimal_scale,,True,True,duckdb_decimal_scale,
duckdb_decimal_internal_type,Logical Type Interface,False,3183,True,True,decimal_internal_type,,True,True,DecimalInternalType,,True,False,duckdb_decimal_internal_type,,True,True,LogicalType.DuckDBDecimalInternalType,,False,True,duckdb_decimal_internal_type,,True,True,duckdb_decimal_internal_type,
duckdb_enum_internal_type,Logical Type Interface,False,3191,True,True,enum_internal_type,,True,True,EnumInternalType,,True,False,duckdb_enum_internal_type,,True,True,LogicalType.DuckDBEnumInternalType,,False,True,duckdb_enum_internal_type,,True,True,duckdb_enum_internal_type,
duckdb_enum_dictionary_size,Logical Type Interface,False,3199,True,True,enum_dictionary_size,,True,True,EnumDictionarySize,,True,False,duckdb_enum_dictionary_size,,True,True,LogicalType.DuckDBEnumDictionarySize,,False,False,,,True,True,duckdb_enum_dictionary_size,
duckdb_enum_dictionary_value,Logical Type Interface,False,3210,True,True,enum_dictionary_value,,True,True,EnumDictionaryValue,,True,False,duckdb_enum_dictionary_value,,True,True,LogicalType.DuckDBEnumDictionaryValue,,False,False,,,True,True,duckdb_enum_dictionary_value,
duckdb_list_type_child_type,Logical Type Interface,False,3219,True,True,list_type_child_type,,True,True,ListTypeChildType,,True,True,duckdb_list_type_child_type,,True,True,LogicalType.DuckDBListTypeChildType,,False,True,duckdb_list_type_child_type,,True,True,duckdb_list_type_child_type,
duckdb_array_type_child_type,Logical Type Interface,False,3229,True,True,array_type_child_type,,True,True,ArrayTypeChildType,,True,True,duckdb_array_type_child_type,,True,True,LogicalType.DuckDBArrayTypeChildType,,False,False,,,True,True,duckdb_array_type_child_type,
duckdb_array_type_array_size,Logical Type Interface,False,3237,True,True,array_type_array_size,,True,True,ArrayTypeArraySize,,True,True,duckdb_array_type_array_size,,True,True,LogicalType.DuckDBArrayVectorGetSize,,False,False,,,True,True,duckdb_array_type_array_size,
duckdb_map_type_key_type,Logical Type Interface,False,3247,True,True,map_type_key_type,,True,True,MapTypeKeyType,,True,True,duckdb_map_type_key_type,,True,True,LogicalType.DuckDBMapTypeKeyType,,False,True,duckdb_map_type_key_type,,True,False,duckdb_map_type_key_type,
duckdb_map_type_value_type,Logical Type Interface,False,3257,True,True,map_type_value_type,,True,True,MapTypeValueType,,True,True,duckdb_map_type_value_type,,True,True,LogicalType.DuckDBMapTypeValueType,,False,True,duckdb_map_type_value_type,,True,False,duckdb_map_type_value_type,
duckdb_struct_type_child_count,Logical Type Interface,False,3265,True,True,struct_type_child_count,,True,True,StructTypeChildCount,,True,True,duckdb_struct_type_child_count,,True,True,LogicalType.DuckDBStructTypeChildCount,,False,True,duckdb_struct_type_child_count,,True,True,duckdb_struct_type_child_count,
duckdb_struct_type_child_name,Logical Type Interface,False,3276,True,True,struct_type_child_name,,True,True,StructTypeChildName,,True,True,duckdb_struct_type_child_name,,True,True,LogicalType.DuckDBStructTypeChildName,,False,True,duckdb_struct_type_child_name,,True,True,duckdb_struct_type_child_name,
duckdb_struct_type_child_type,Logical Type Interface,False,3287,True,True,struct_type_child_type,,True,True,StructTypeChildType,,True,True,duckdb_struct_type_child_type,,True,True,LogicalType.DuckDBStructTypeChildType,,False,True,duckdb_struct_type_child_type,,True,True,duckdb_struct_type_child_type,
duckdb_union_type_member_count,Logical Type Interface,False,3295,True,True,union_type_member_count,,True,True,UnionTypeMemberCount,,True,True,duckdb_union_type_member_count,,False,False,,,False,True,duckdb_union_type_member_count,,True,True,duckdb_union_type_member_count,
duckdb_union_type_member_name,Logical Type Interface,False,3306,True,True,union_type_member_name,,True,True,UnionTypeMemberName,,True,True,duckdb_union_type_member_name,,False,False,,,False,True,duckdb_union_type_member_name,,True,True,duckdb_union_type_member_name,
duckdb_union_type_member_type,Logical Type Interface,False,3317,True,True,union_type_member_type,,True,True,UnionTypeMemberType,,True,True,duckdb_union_type_member_type,,False,False,,,False,True,duckdb_union_type_member_type,,True,True,duckdb_union_type_member_type,
duckdb_destroy_logical_type,Logical Type Interface,False,3324,False,False,,destroyed in finalizer,True,True,DestroyLogicalType,,True,True,duckdb_destroy_logical_type,,True,False,LogicalType.DuckDBDestroyLogicalType,,False,True,duckdb_destroy_logical_type,,True,True,duckdb_destroy_logical_type,
duckdb_register_logical_type,Logical Type Interface,False,3334,False,False,,TODO: register logical type,True,False,RegisterLogicalType,,True,False,duckdb_register_logical_type,,False,False,,,False,False,,,True,False,duckdb_register_logical_type,
duckdb_create_data_chunk,Data Chunk Interface,False,3357,True,True,create_data_chunk,,True,True,CreateDataChunk,,True,True,duckdb_create_data_chunk,,True,True,DataChunks.DuckDBCreateDataChunk,,False,False,,,True,False,duckdb_create_data_chunk,
duckdb_destroy_data_chunk,Data Chunk Interface,False,3364,False,False,,destroyed in finalizer,True,True,DestroyDataChunk,,True,True,duckdb_destroy_data_chunk,,True,False,DataChunks.DuckDBDestroyDataChunk,,False,True,duckdb_destroy_data_chunk,,True,True,duckdb_destroy_data_chunk,
duckdb_data_chunk_reset,Data Chunk Interface,False,3373,True,True,data_chunk_reset,,True,True,DataChunkReset,,True,False,duckdb_data_chunk_reset,,True,True,DataChunks.DuckDBDataChunkReset,,False,False,,,True,False,duckdb_data_chunk_reset,
duckdb_data_chunk_get_column_count,Data Chunk Interface,False,3381,True,True,data_chunk_get_column_count,,True,True,DataChunkGetColumnCount,,True,True,duckdb_data_chunk_get_column_count,,True,True,DataChunks.DuckDBDataChunkGetColumnCount,,False,True,duckdb_data_chunk_get_column_count,,True,True,duckdb_data_chunk_get_column_count,
duckdb_data_chunk_get_vector,Data Chunk Interface,False,3392,True,True,data_chunk_get_vector,,True,True,DataChunkGetVector,,True,True,duckdb_data_chunk_get_vector,,True,True,DataChunks.DuckDBDataChunkGetVector,,False,True,duckdb_data_chunk_get_vector,,True,True,duckdb_data_chunk_get_vector,
duckdb_data_chunk_get_size,Data Chunk Interface,False,3400,True,True,data_chunk_get_size,,True,True,DataChunkGetSize,,True,True,duckdb_data_chunk_get_size,,True,True,DataChunks.DuckDBDataChunkGetSize,,False,True,duckdb_data_chunk_get_size,,True,True,duckdb_data_chunk_get_size,
duckdb_data_chunk_set_size,Data Chunk Interface,False,3408,True,True,data_chunk_set_size,,True,True,DataChunkSetSize,,True,True,duckdb_data_chunk_set_size,,True,True,DataChunks.DuckDBDataChunkSetSize,,False,False,,,True,True,duckdb_data_chunk_set_size,
duckdb_create_vector,Vector Interface,False,3425,False,False,,TODO: vector creation,True,False,CreateVector,,True,False,duckdb_create_vector,,False,False,,,False,False,,,True,False,duckdb_create_vector,
duckdb_destroy_vector,Vector Interface,False,3432,False,False,,TODO: vector creation,True,False,DestroyVector,,True,False,duckdb_destroy_vector,,False,False,,,False,False,,,True,False,duckdb_destroy_vector,
duckdb_vector_get_column_type,Vector Interface,False,3442,True,True,vector_get_column_type,,True,True,VectorGetColumnType,,True,True,duckdb_vector_get_column_type,,True,True,Vectors.DuckDBVectorGetColumnType,,False,True,duckdb_vector_get_column_type,,True,False,duckdb_vector_get_column_type,
duckdb_vector_get_data,Vector Interface,False,3453,True,True,vector_get_data,,True,True,VectorGetData,,True,True,duckdb_vector_get_data,,True,True,Vectors.DuckDBVectorEnsureValidityWritable,,False,True,duckdb_vector_get_data,,True,True,duckdb_vector_get_data,
duckdb_vector_get_validity,Vector Interface,False,3475,True,True,vector_get_validity,,True,True,VectorGetValidity,,True,True,duckdb_vector_get_validity,,True,True,Vectors.DuckDBVectorEnsureValidityWritable,,False,True,duckdb_vector_get_validity,,True,True,duckdb_vector_get_validity,
duckdb_vector_ensure_validity_writable,Vector Interface,False,3485,True,True,vector_ensure_validity_writable,,True,True,VectorEnsureValidityWritable,,True,True,duckdb_vector_ensure_validity_writable,,True,True,Vectors.DuckDBVectorEnsureValidityWritable,,False,False,,,True,True,duckdb_vector_ensure_validity_writable,
duckdb_vector_assign_string_element,Vector Interface,False,3497,True,True,vector_assign_string_element,,False,False,,,True,True,duckdb_vector_assign_string_element,,True,True,Vectors.DuckDBVectorAssignStringElement,,False,False,,,True,False,duckdb_vector_assign_string_element,
duckdb_vector_assign_string_element_len,Vector Interface,False,3510,True,True,vector_assign_string_element_len,,True,False,VectorAssignStringElement,,True,True,duckdb_vector_assign_string_element_len,,True,True,Vectors.DuckDBVectorAssignStringElementLength,,False,False,,,True,True,duckdb_vector_assign_string_element_len,
duckdb_unsafe_vector_assign_string_element_len,Vector Interface,False,3524,False,False,,TODO: utf8,True,False,UnsafeVectorAssignStringElementLen,,True,False,duckdb_unsafe_vector_assign_string_element_len,,False,False,,,False,False,,,True,False,duckdb_unsafe_vector_assign_string_element_len,
duckdb_list_vector_get_child,Vector Interface,False,3535,True,True,list_vector_get_child,,True,True,ListVectorGetChild,,True,True,duckdb_list_vector_get_child,,True,True,Vectors.DuckDBListVectorGetChild,,False,True,duckdb_list_vector_get_child,,True,True,duckdb_list_vector_get_child,
duckdb_list_vector_get_size,Vector Interface,False,3543,True,True,list_vector_get_size,,True,True,ListVectorGetSize,,True,True,duckdb_list_vector_get_size,,True,False,Vectors.DuckDBListVectorGetSize,,False,True,duckdb_list_vector_get_size,,True,True,duckdb_list_vector_get_size,
duckdb_list_vector_set_size,Vector Interface,False,3555,True,True,list_vector_set_size,,True,True,ListVectorSetSize,,True,True,duckdb_list_vector_set_size,,True,True,Vectors.DuckDBListVectorSetSize,,False,False,,,True,False,duckdb_list_vector_set_size,
duckdb_list_vector_reserve,Vector Interface,False,3567,True,True,list_vector_reserve,,True,True,ListVectorReserve,,True,True,duckdb_list_vector_reserve,,True,True,Vectors.DuckDBListVectorReserve,,False,False,,,True,False,duckdb_list_vector_reserve,
duckdb_struct_vector_get_child,Vector Interface,False,3577,True,True,struct_vector_get_child,,True,True,StructVectorGetChild,,True,True,duckdb_struct_vector_get_child,,True,True,Vectors.DuckDBStructVectorGetChild,,False,True,duckdb_struct_vector_get_child,,True,True,duckdb_struct_vector_get_child,
duckdb_array_vector_get_child,Vector Interface,False,3587,True,True,array_vector_get_child,,True,True,ArrayVectorGetChild,,True,True,duckdb_array_vector_get_child,,True,True,Vectors.DuckDBArrayVectorGetChild,,False,False,,,True,True,duckdb_array_vector_get_child,
duckdb_slice_vector,Vector Interface,False,3598,False,False,,TODO: vector manipulation,True,False,SliceVector,,True,False,duckdb_slice_vector,,False,False,,,False,False,,,True,False,duckdb_slice_vector,
duckdb_vector_copy_sel,Vector Interface,False,3613,False,False,,TODO: vector manipulation,True,False,VectorCopySel,,True,False,duckdb_vector_copy_sel,,False,False,,,False,False,,,True,False,duckdb_vector_copy_sel,
duckdb_vector_reference_value,Vector Interface,False,3622,False,False,,TODO: vector manipulation,True,False,VectorReferenceValue,,True,False,duckdb_vector_reference_value,,False,False,,,False,False,,,True,False,duckdb_vector_reference_value,
duckdb_vector_reference_vector,Vector Interface,False,3630,False,False,,TODO: vector manipulation,True,False,VectorReferenceVector,,True,False,duckdb_vector_reference_vector,,False,False,,,False,False,,,True,False,duckdb_vector_reference_vector,
duckdb_validity_row_is_valid,Validity Mask Functions,False,3647,True,False,validity_row_is_valid,,True,False,ValidityRowIsValid,,True,True,duckdb_validity_row_is_valid,,False,False,,,False,False,,,True,False,duckdb_validity_row_is_valid,
duckdb_validity_set_row_validity,Validity Mask Functions,False,3659,True,False,validity_set_row_validity,,True,False,ValiditySetRowValidity,,True,False,duckdb_validity_set_row_validity,,True,True,ValidityMask.DuckDBValiditySetRowValidity,,False,False,,,True,False,duckdb_validity_set_row_validity,
duckdb_validity_set_row_invalid,Validity Mask Functions,False,3669,True,False,validity_set_row_invalid,,True,True,ValiditySetRowInvalid,,True,True,duckdb_validity_set_row_invalid,,False,False,,,False,False,,,True,False,duckdb_validity_set_row_invalid,
duckdb_validity_set_row_valid,Validity Mask Functions,False,3679,True,False,validity_set_row_valid,,True,False,ValiditySetRowValid,,True,False,duckdb_validity_set_row_valid,,False,False,,,False,False,,,True,False,duckdb_validity_set_row_valid,
duckdb_create_scalar_function,Scalar Functions,False,3697,True,True,create_scalar_function,,True,True,CreateScalarFunction,,True,True,duckdb_create_scalar_function,,True,True,ScalarFunction.DuckDBCreateScalarFunction,,False,False,,,True,True,duckdb_create_scalar_function,
duckdb_destroy_scalar_function,Scalar Functions,False,3704,True,True,destroy_scalar_function_sync,,True,True,DestroyScalarFunction,,True,True,duckdb_destroy_scalar_function,,True,True,ScalarFunction.DuckDBDestroyScalarFunction,,False,False,,,True,True,duckdb_destroy_scalar_function,
duckdb_scalar_function_set_name,Scalar Functions,False,3712,True,True,scalar_function_set_name,,True,True,ScalarFunctionSetName,,True,True,duckdb_scalar_function_set_name,,True,True,ScalarFunction.DuckDBScalarFunctionSetName,,False,False,,,True,True,duckdb_scalar_function_set_name,
duckdb_scalar_function_set_varargs,Scalar Functions,False,3722,True,True,scalar_function_set_varargs,,True,True,ScalarFunctionSetVarargs,,True,True,duckdb_scalar_function_set_varargs,,True,True,ScalarFunction.DuckDBScalarFunctionSetVarargs,,False,False,,,True,False,duckdb_scalar_function_set_varargs,
duckdb_scalar_function_set_special_handling,Scalar Functions,False,3729,True,True,scalar_function_set_special_handling,,True,True,ScalarFunctionSetSpecialHandling,,True,False,duckdb_scalar_function_set_special_handling,,True,True,ScalarFunction.DuckDBScalarFunctionSetSpecialHandling,,False,False,,,True,False,duckdb_scalar_function_set_special_handling,
duckdb_scalar_function_set_volatile,Scalar Functions,False,3737,True,True,scalar_function_set_volatile,,True,True,ScalarFunctionSetVolatile,,True,True,duckdb_scalar_function_set_volatile,,True,True,ScalarFunction.DuckDBScalarFunctionSetVolatile,,False,False,,,True,False,duckdb_scalar_function_set_volatile,
duckdb_scalar_function_add_parameter,Scalar Functions,False,3745,True,True,scalar_function_add_parameter,,True,True,ScalarFunctionAddParameter,,True,True,duckdb_scalar_function_add_parameter,,True,True,ScalarFunction.DuckDBScalarFunctionAddParameter,,False,False,,,True,True,duckdb_scalar_function_add_parameter,
duckdb_scalar_function_set_return_type,Scalar Functions,False,3754,True,True,scalar_function_set_return_type,,True,True,ScalarFunctionSetReturnType,,True,True,duckdb_scalar_function_set_return_type,,True,True,ScalarFunction.DuckDBScalarFunctionSetReturnType,,False,False,,,True,True,duckdb_scalar_function_set_return_type,
duckdb_scalar_function_set_extra_info,Scalar Functions,False,3764,True,True,scalar_function_set_extra_info,,True,True,ScalarFunctionSetExtraInfo,,True,True,duckdb_scalar_function_set_extra_info,,True,True,ScalarFunction.DuckDBScalarFunctionSetExtraInfo,,False,False,,,True,True,duckdb_scalar_function_set_extra_info,
duckdb_scalar_function_set_bind,Scalar Functions,False,3773,True,True,scalar_function_set_bind,,True,True,ScalarFunctionSetBind,,True,False,duckdb_scalar_function_set_bind,,True,True,ScalarFunction.DuckDBScalarFunctionSetBind,,False,False,,,True,False,duckdb_scalar_function_set_bind,
duckdb_scalar_function_set_bind_data,Scalar Functions,False,3785,True,True,scalar_function_set_bind_data,,True,True,ScalarFunctionSetBindData,,True,False,duckdb_scalar_function_set_bind_data,,True,True,ScalarFunction.DuckDBScalarFunctionSetBindData,,False,False,,,True,False,duckdb_scalar_function_set_bind_data,
duckdb_scalar_function_set_bind_data_copy,Scalar Functions,False,3794,False,False,,handled by scalar_function_set_bind_data,True,True,ScalarFunctionSetBindDataCopy,,True,False,duckdb_scalar_function_set_bind_data_copy,,False,False,,,False,False,,,True,False,duckdb_scalar_function_set_bind_data_copy,
duckdb_scalar_function_bind_set_error,Scalar Functions,False,3802,True,True,scalar_function_bind_set_error,,True,True,ScalarFunctionBindSetError,,True,False,duckdb_scalar_function_bind_set_error,,False,False,,,False,False,,,True,False,duckdb_scalar_function_bind_set_error,
duckdb_scalar_function_set_function,Scalar Functions,False,3810,True,True,scalar_function_set_function,,True,True,ScalarFunctionSetFunction,,True,True,duckdb_scalar_function_set_function,,True,True,ScalarFunction.DuckDBScalarFunctionSetFunction,,False,False,,,True,True,duckdb_scalar_function_set_function,
duckdb_register_scalar_function,Scalar Functions,False,3824,True,True,register_scalar_function,,True,True,RegisterScalarFunction,,True,False,duckdb_register_scalar_function,,True,True,ScalarFunction.DuckDBRegisterScalarFunction,,False,False,,,True,True,duckdb_register_scalar_function,
duckdb_scalar_function_get_extra_info,Scalar Functions,False,3833,True,True,scalar_function_get_extra_info,,True,True,ScalarFunctionGetExtraInfo,,True,True,duckdb_scalar_function_get_extra_info,,True,True,ScalarFunction.DuckDBScalarFunctionGetExtraInfo,,False,False,,,True,True,duckdb_scalar_function_get_extra_info,
duckdb_scalar_function_bind_get_extra_info,Scalar Functions,False,3841,True,True,scalar_function_bind_get_extra_info,,True,True,ScalarFunctionBindGetExtraInfo,,True,False,duckdb_scalar_function_bind_get_extra_info,,True,False,ScalarFunction.DuckDBScalarFunctionBindGetExtraInfo,,False,False,,,True,False,duckdb_scalar_function_bind_get_extra_info,
duckdb_scalar_function_get_bind_data,Scalar Functions,False,3850,True,True,scalar_function_get_bind_data,,True,True,ScalarFunctionGetBindData,,True,False,duckdb_scalar_function_get_bind_data,,True,True,ScalarFunction.DuckDBScalarFunctionGetBindData,,False,False,,,True,False,duckdb_scalar_function_get_bind_data,
duckdb_scalar_function_get_client_context,Scalar Functions,False,3858,True,True,scalar_function_get_client_context,,True,True,ScalarFunctionGetClientContext,,True,False,duckdb_scalar_function_get_client_context,,True,True,ScalarFunction.DuckDBScalarFunctionGetClientContext,,False,False,,,True,False,duckdb_scalar_function_get_client_context,
duckdb_scalar_function_set_error,Scalar Functions,False,3866,True,True,scalar_function_set_error,,True,True,ScalarFunctionSetError,,True,True,duckdb_scalar_function_set_error,,True,True,ScalarFunction.DuckDBScalarFunctionSetError,,False,False,,,True,True,duckdb_scalar_function_set_error,
duckdb_create_scalar_function_set,Scalar Functions,False,3875,False,False,,TODO: scalar function set,True,True,CreateScalarFunctionSet,,True,True,duckdb_create_scalar_function_set,,False,False,,,False,False,,,True,False,duckdb_create_scalar_function_set,
duckdb_destroy_scalar_function_set,Scalar Functions,False,3881,False,False,,TODO: scalar function set,True,True,DestroyScalarFunctionSet,,True,True,duckdb_destroy_scalar_function_set,,False,False,,,False,False,,,True,False,duckdb_destroy_scalar_function_set,
duckdb_add_scalar_function_to_set,Scalar Functions,False,3891,False,False,,TODO: scalar function set,True,True,AddScalarFunctionToSet,,True,True,duckdb_add_scalar_function_to_set,,False,False,,,False,False,,,True,False,duckdb_add_scalar_function_to_set,
duckdb_register_scalar_function_set,Scalar Functions,False,3905,False,False,,TODO: scalar function set,True,True,RegisterScalarFunctionSet,,True,True,duckdb_register_scalar_function_set,,False,False,,,False,False,,,True,False,duckdb_register_scalar_function_set,
duckdb_scalar_function_bind_get_argument_count,Scalar Functions,False,3913,False,False,,TODO: scalar function expression,True,True,ScalarFunctionBindGetArgumentCount,,True,False,duckdb_scalar_function_bind_get_argument_count,,False,False,,,False,False,,,True,False,duckdb_scalar_function_bind_get_argument_count,
duckdb_scalar_function_bind_get_argument,Scalar Functions,False,3922,False,False,,TODO: scalar function expression,True,True,ScalarFunctionBindGetArgument,,True,False,duckdb_scalar_function_bind_get_argument,,False,False,,,False,False,,,True,False,duckdb_scalar_function_bind_get_argument,
duckdb_scalar_function_get_state,Scalar Functions,False,3930,False,False,,TODO: scalar function init,False,False,,,True,False,duckdb_scalar_function_get_state,,False,False,,,False,False,,,True,False,duckdb_scalar_function_get_state,
duckdb_scalar_function_set_init,Scalar Functions,False,3938,False,False,,TODO: scalar function init,False,False,,,True,False,duckdb_scalar_function_set_init,,False,False,,,False,False,,,True,False,duckdb_scalar_function_set_init,
duckdb_scalar_function_init_set_error,Scalar Functions,False,3947,False,False,,TODO: scalar function init,False,False,,,True,False,duckdb_scalar_function_init_set_error,,False,False,,,False,False,,,True,False,duckdb_scalar_function_init_set_error,
duckdb_scalar_function_init_set_state,Scalar Functions,False,3956,False,False,,TODO: scalar function init,False,False,,,True,False,duckdb_scalar_function_init_set_state,,False,False,,,False,False,,,True,False,duckdb_scalar_function_init_set_state,
duckdb_scalar_function_init_get_client_context,Scalar Functions,False,3965,False,False,,TODO: scalar function init,False,False,,,True,False,duckdb_scalar_function_init_get_client_context,,False,False,,,False,False,,,True,False,duckdb_scalar_function_init_get_client_context,
duckdb_scalar_function_init_get_bind_data,Scalar Functions,False,3975,False,False,,TODO: scalar function init,False,False,,,True,False,duckdb_scalar_function_init_get_bind_data,,False,False,,,False,False,,,True,False,duckdb_scalar_function_init_get_bind_data,
duckdb_scalar_function_init_get_extra_info,Scalar Functions,False,3983,False,False,,TODO: scalar function init,False,False,,,True,False,duckdb_scalar_function_init_get_extra_info,,False,False,,,False,False,,,True,False,duckdb_scalar_function_init_get_extra_info,
duckdb_create_selection_vector,Selection Vector Interface,False,4001,False,False,,TODO: selection vector,True,False,CreateSelectionVector,,True,False,duckdb_create_selection_vector,,False,False,,,False,False,,,True,False,duckdb_create_selection_vector,
duckdb_destroy_selection_vector,Selection Vector Interface,False,4008,False,False,,TODO: selection vector,True,False,DestroySelectionVector,,True,False,duckdb_destroy_selection_vector,,False,False,,,False,False,,,True,False,duckdb_destroy_selection_vector,
duckdb_selection_vector_get_data_ptr,Selection Vector Interface,False,4016,False,False,,TODO: selection vector,True,False,SelectionVectorGetDataPtr,,True,False,duckdb_selection_vector_get_data_ptr,,False,False,,,False,False,,,True,False,duckdb_selection_vector_get_data_ptr,
duckdb_create_aggregate_function,Aggregate Functions,False,4033,False,False,,TODO: aggregate function,False,False,,,True,False,duckdb_create_aggregate_function,,False,False,,,False,False,,,True,False,duckdb_create_aggregate_function,
duckdb_destroy_aggregate_function,Aggregate Functions,False,4039,False,False,,TODO: aggregate function,False,False,,,True,False,duckdb_destroy_aggregate_function,,False,False,,,False,False,,,True,False,duckdb_destroy_aggregate_function,
duckdb_aggregate_function_set_name,Aggregate Functions,False,4047,False,False,,TODO: aggregate function,False,False,,,True,False,duckdb_aggregate_function_set_name,,False,False,,,False,False,,,True,False,duckdb_aggregate_function_set_name,
duckdb_aggregate_function_add_parameter,Aggregate Functions,False,4055,False,False,,TODO: aggregate function,False,False,,,True,False,duckdb_aggregate_function_add_parameter,,False,False,,,False,False,,,True,False,duckdb_aggregate_function_add_parameter,
duckdb_aggregate_function_set_return_type,Aggregate Functions,False,4064,False,False,,TODO: aggregate function,False,False,,,True,False,duckdb_aggregate_function_set_return_type,,False,False,,,False,False,,,True,False,duckdb_aggregate_function_set_return_type,
duckdb_aggregate_function_set_functions,Aggregate Functions,False,4077,False,False,,TODO: aggregate function,False,False,,,True,False,duckdb_aggregate_function_set_functions,,False,False,,,False,False,,,True,False,duckdb_aggregate_function_set_functions,
duckdb_aggregate_function_set_destructor,Aggregate Functions,False,4090,False,False,,TODO: aggregate function,False,False,,,True,False,duckdb_aggregate_function_set_destructor,,False,False,,,False,False,,,True,False,duckdb_aggregate_function_set_destructor,
duckdb_register_aggregate_function,Aggregate Functions,False,4103,False,False,,TODO: aggregate function,False,False,,,True,False,duckdb_register_aggregate_function,,False,False,,,False,False,,,True,False,duckdb_register_aggregate_function,
duckdb_aggregate_function_set_special_handling,Aggregate Functions,False,4111,False,False,,TODO: aggregate function,False,False,,,True,False,duckdb_aggregate_function_set_special_handling,,False,False,,,False,False,,,True,False,duckdb_aggregate_function_set_special_handling,
duckdb_aggregate_function_set_extra_info,Aggregate Functions,False,4120,False,False,,TODO: aggregate function,False,False,,,True,False,duckdb_aggregate_function_set_extra_info,,False,False,,,False,False,,,True,False,duckdb_aggregate_function_set_extra_info,
duckdb_aggregate_function_get_extra_info,Aggregate Functions,False,4129,False,False,,TODO: aggregate function,False,False,,,True,False,duckdb_aggregate_function_get_extra_info,,False,False,,,False,False,,,True,False,duckdb_aggregate_function_get_extra_info,
duckdb_aggregate_function_set_error,Aggregate Functions,False,4137,False,False,,TODO: aggregate function,False,False,,,True,False,duckdb_aggregate_function_set_error,,False,False,,,False,False,,,True,False,duckdb_aggregate_function_set_error,
duckdb_create_aggregate_function_set,Aggregate Functions,False,4146,False,False,,TODO: aggregate function set,False,False,,,True,False,duckdb_create_aggregate_function_set,,False,False,,,False,False,,,True,False,duckdb_create_aggregate_function_set,
duckdb_destroy_aggregate_function_set,Aggregate Functions,False,4152,False,False,,TODO: aggregate function set,False,False,,,True,False,duckdb_destroy_aggregate_function_set,,False,False,,,False,False,,,True,False,duckdb_destroy_aggregate_function_set,
duckdb_add_aggregate_function_to_set,Aggregate Functions,False,4162,False,False,,TODO: aggregate function set,False,False,,,True,False,duckdb_add_aggregate_function_to_set,,False,False,,,False,False,,,True,False,duckdb_add_aggregate_function_to_set,
duckdb_register_aggregate_function_set,Aggregate Functions,False,4176,False,False,,TODO: aggregate function set,False,False,,,True,False,duckdb_register_aggregate_function_set,,False,False,,,False,False,,,True,False,duckdb_register_aggregate_function_set,
duckdb_create_table_function,Table Functions,False,4194,False,False,,TODO: table function,True,True,CreateTableFunction,,True,True,duckdb_create_table_function,,True,True,TableFunction.DuckDBCreateTableFunction,,False,False,,,True,True,duckdb_create_table_function,
duckdb_destroy_table_function,Table Functions,False,4201,False,False,,TODO: table function,True,True,DestroyTableFunction,,True,True,duckdb_destroy_table_function,,True,True,TableFunction.DuckDBDestroyTableFunction,,False,False,,,True,True,duckdb_destroy_table_function,
duckdb_table_function_set_name,Table Functions,False,4209,False,False,,TODO: table function,True,True,TableFunctionSetName,,True,True,duckdb_table_function_set_name,,True,True,TableFunction.DuckDBTableFunctionSetName,,False,False,,,True,True,duckdb_table_function_set_name,
duckdb_table_function_add_parameter,Table Functions,False,4217,False,False,,TODO: table function,True,True,TableFunctionAddParameter,,True,True,duckdb_table_function_add_parameter,,True,True,TableFunction.DuckDBTableFunctionAddParameter,,False,False,,,True,True,duckdb_table_function_add_parameter,
duckdb_table_function_add_named_parameter,Table Functions,False,4226,False,False,,TODO: table function,True,True,TableFunctionAddNamedParameter,,True,True,duckdb_table_function_add_named_parameter,,True,True,TableFunction.DuckDBTableFunctionAddNamedParameter,,False,False,,,True,False,duckdb_table_function_add_named_parameter,
duckdb_table_function_set_extra_info,Table Functions,False,4236,False,False,,TODO: table function,True,True,TableFunctionSetExtraInfo,,True,True,duckdb_table_function_set_extra_info,,True,True,TableFunction.DuckDBTableFunctionSetExtraInfo,,False,False,,,True,True,duckdb_table_function_set_extra_info,
duckdb_table_function_set_bind,Table Functions,False,4245,False,False,,TODO: table function,True,True,TableFunctionSetBind,,True,True,duckdb_table_function_set_bind,,True,True,TableFunction.DuckDBTableFunctionSetBind,,False,False,,,True,True,duckdb_table_function_set_bind,
duckdb_table_function_set_init,Table Functions,False,4254,False,False,,TODO: table function,True,True,TableFunctionSetInit,,True,True,duckdb_table_function_set_init,,True,True,TableFunction.DuckDBTableFunctionSetInit,,False,False,,,True,True,duckdb_table_function_set_init,
duckdb_table_function_set_local_init,Table Functions,False,4263,False,False,,TODO: table function,True,True,TableFunctionSetLocalInit,,True,True,duckdb_table_function_set_local_init,,False,False,,,False,False,,,True,True,duckdb_table_function_set_local_init,
duckdb_table_function_set_function,Table Functions,False,4272,False,False,,TODO: table function,True,True,TableFunctionSetFunction,,True,True,duckdb_table_function_set_function,,True,True,TableFunction.DuckDBTableFunctionSetFunction,,False,False,,,True,True,duckdb_table_function_set_function,
duckdb_table_function_supports_projection_pushdown,Table Functions,False,4285,False,False,,TODO: table function,True,True,TableFunctionSupportsProjectionPushdown,,True,True,duckdb_table_function_supports_projection_pushdown,,True,True,TableFunction.DuckDBTableFunctionSupportsProjectionPushdown,,False,False,,,True,True,duckdb_table_function_supports_projection_pushdown,
duckdb_register_table_function,Table Functions,False,4299,False,False,,TODO: table function,True,True,RegisterTableFunction,,True,True,duckdb_register_table_function,,True,True,TableFunction.DuckDBRegisterTableFunction,,False,False,,,True,True,duckdb_register_table_function,
duckdb_bind_get_extra_info,Table Function Bind,False,4315,False,False,,TODO: bind info,True,True,BindGetExtraInfo,,True,True,duckdb_bind_get_extra_info,,True,True,TableFunction.DuckDBBindGetExtraInfo,,False,False,,,True,True,duckdb_bind_get_extra_info,
duckdb_table_function_get_client_context,Table Function Bind,False,4323,False,False,,TODO: bind info,True,True,TableFunctionGetClientContext,,True,False,duckdb_table_function_get_client_context,,True,True,TableFunction.DuckDBTableFunctionGetClientContext,,False,False,,,True,False,duckdb_table_function_get_client_context,
duckdb_bind_add_result_column,Table Function Bind,False,4332,False,False,,TODO: bind info,True,True,BindAddResultColumn,,True,True,duckdb_bind_add_result_column,,True,True,TableFunction.DuckDBBindAddResultColumn,,False,False,,,True,True,duckdb_bind_add_result_column,
duckdb_bind_get_parameter_count,Table Function Bind,False,4340,False,False,,TODO: bind info,True,False,BindGetParameterCount,,True,True,duckdb_bind_get_parameter_count,,True,True,TableFunction.DuckDBBindGetParameterCount,,False,False,,,True,True,duckdb_bind_get_parameter_count,
duckdb_bind_get_parameter,Table Function Bind,False,4351,False,False,,TODO: bind info,True,True,BindGetParameter,,True,True,duckdb_bind_get_parameter,,True,True,TableFunction.DuckDBBindGetParameter,,False,False,,,True,True,duckdb_bind_get_parameter,
duckdb_bind_get_named_parameter,Table Function Bind,False,4362,False,False,,TODO: bind info,True,True,BindGetNamedParameter,,True,True,duckdb_bind_get_named_parameter,,True,True,TableFunction.DuckDBBindGetNamedParameter,,False,False,,,True,False,duckdb_bind_get_named_parameter,
duckdb_bind_set_bind_data,Table Function Bind,False,4372,False,False,,TODO: bind info,True,True,BindSetBindData,,True,True,duckdb_bind_set_bind_data,,True,True,TableFunction.DuckDBBindSetBindData,,False,False,,,True,True,duckdb_bind_set_bind_data,
duckdb_bind_set_cardinality,Table Function Bind,False,4380,False,False,,TODO: bind info,True,True,BindSetCardinality,,True,True,duckdb_bind_set_cardinality,,True,True,TableFunction.DuckDBBindSetCardinality,,False,False,,,True,True,duckdb_bind_set_cardinality,
duckdb_bind_set_error,Table Function Bind,False,4388,False,False,,TODO: bind info,True,True,BindSetError,,True,True,duckdb_bind_set_error,,True,True,TableFunction.DuckDBBindSetError,,False,False,,,True,True,duckdb_bind_set_error,
duckdb_init_get_extra_info,Table Function Init,False,4404,False,False,,TODO: init info,True,False,InitGetExtraInfo,,True,True,duckdb_init_get_extra_info,,True,False,TableFunction.DuckDBInitGetExtraInfo,,False,False,,,True,True,duckdb_init_get_extra_info,
duckdb_init_get_bind_data,Table Function Init,False,4415,False,False,,TODO: init info,True,True,InitGetBindData,,True,True,duckdb_init_get_bind_data,,True,True,TableFunction.DuckDBInitGetBindData,,False,False,,,True,True,duckdb_init_get_bind_data,
duckdb_init_set_init_data,Table Function Init,False,4424,False,False,,TODO: init info,True,True,InitSetInitData,,True,True,duckdb_init_set_init_data,,True,True,TableFunction.DuckDBInitSetInitData,,False,False,,,True,True,duckdb_init_set_init_data,
duckdb_init_get_column_count,Table Function Init,False,4434,False,False,,TODO: init info,True,True,InitGetColumnCount,,True,True,duckdb_init_get_column_count,,True,True,TableFunction.DuckDBInitGetColumnCount,,False,False,,,True,True,duckdb_init_get_column_count,
duckdb_init_get_column_index,Table Function Init,False,4445,False,False,,TODO: init info,True,True,InitGetColumnIndex,,True,True,duckdb_init_get_column_index,,True,True,TableFunction.DuckDBInitGetColumnIndex,,False,False,,,True,True,duckdb_init_get_column_index,
duckdb_init_set_max_threads,Table Function Init,False,4453,False,False,,TODO: init info,True,True,InitSetMaxThreads,,True,True,duckdb_init_set_max_threads,,False,False,,,False,False,,,True,True,duckdb_init_set_max_threads,
duckdb_init_set_error,Table Function Init,False,4461,False,False,,TODO: init info,True,False,InitSetError,,True,True,duckdb_init_set_error,,True,True,TableFunction.DuckDBInitSetError,,False,False,,,True,True,duckdb_init_set_error,
duckdb_function_get_extra_info,Table Function,False,4477,False,False,,TODO: function info,True,False,FunctionGetExtraInfo,,True,True,duckdb_function_get_extra_info,,True,True,TableFunction.DuckDBFunctionGetExtraInfo,,False,False,,,True,True,duckdb_function_get_extra_info,
duckdb_function_get_bind_data,Table Function,False,4488,False,False,,TODO: function info,True,True,FunctionGetBindData,,True,True,duckdb_function_get_bind_data,,True,True,TableFunction.DuckDBFunctionGetBindData,,False,False,,,True,True,duckdb_function_get_bind_data,
duckdb_function_get_init_data,Table Function,False,4496,False,False,,TODO: function info,True,False,FunctionGetInitData,,True,True,duckdb_function_get_init_data,,True,True,TableFunction.DuckDBFunctionGetInitData,,False,False,,,True,True,duckdb_function_get_init_data,
duckdb_function_get_local_init_data,Table Function,False,4504,False,False,,TODO: function info,True,True,FunctionGetLocalInitData,,True,True,duckdb_function_get_local_init_data,,False,False,,,False,False,,,True,True,duckdb_function_get_local_init_data,
duckdb_function_set_error,Table Function,False,4512,False,False,,TODO: function info,True,True,FunctionSetError,,True,True,duckdb_function_set_error,,True,True,TableFunction.DuckDBFunctionSetError,,False,False,,,True,True,duckdb_function_set_error,
duckdb_add_replacement_scan,Replacement Scans,False,4530,False,False,,TODO: replacement scan,True,True,AddReplacementScan,,True,False,duckdb_add_replacement_scan,,False,False,,,False,False,,,True,True,duckdb_add_replacement_scan,
duckdb_replacement_scan_set_function_name,Replacement Scans,False,4540,False,False,,TODO: replacement scan,True,True,ReplacementScanSetFunctionName,,True,False,duckdb_replacement_scan_set_function_name,,False,False,,,False,False,,,True,True,duckdb_replacement_scan_set_function_name,
duckdb_replacement_scan_add_parameter,Replacement Scans,False,4549,False,False,,TODO: replacement scan,True,True,ReplacementScanAddParameter,,True,False,duckdb_replacement_scan_add_parameter,,False,False,,,False,False,,,True,True,duckdb_replacement_scan_add_parameter,
duckdb_replacement_scan_set_error,Replacement Scans,False,4557,False,False,,TODO: replacement scan,True,True,ReplacementScanSetError,,True,False,duckdb_replacement_scan_set_error,,False,False,,,False,False,,,True,True,duckdb_replacement_scan_set_error,
duckdb_get_profiling_info,Profiling Info,False,4572,False,False,,TODO: profiling info,True,True,GetProfilingInfo,,True,True,duckdb_get_profiling_info,,False,False,,,False,False,,,True,False,duckdb_get_profiling_info,
duckdb_profiling_info_get_value,Profiling Info,False,4583,False,False,,TODO: profiling info,True,False,ProfilingInfoGetValue,,True,False,duckdb_profiling_info_get_value,,False,False,,,False,False,,,True,False,duckdb_profiling_info_get_value,
duckdb_profiling_info_get_metrics,Profiling Info,False,4592,False,False,,TODO: profiling info,True,True,ProfilingInfoGetMetrics,,True,True,duckdb_profiling_info_get_metrics,,False,False,,,False,False,,,True,False,duckdb_profiling_info_get_metrics,
duckdb_profiling_info_get_child_count,Profiling Info,False,4600,False,False,,TODO: profiling info,True,True,ProfilingInfoGetChildCount,,True,True,duckdb_profiling_info_get_child_count,,False,False,,,False,False,,,True,False,duckdb_profiling_info_get_child_count,
duckdb_profiling_info_get_child,Profiling Info,False,4609,False,False,,TODO: profiling info,True,True,ProfilingInfoGetChild,,True,True,duckdb_profiling_info_get_child,,False,False,,,False,False,,,True,False,duckdb_profiling_info_get_child,
duckdb_appender_create,Appender,False,4634,True,False,appender_create,,True,False,AppenderCreate,,True,True,duckdb_appender_create,,True,False,Appender.DuckDBAppenderCreate,,False,True,duckdb_appender_create,,True,True,duckdb_appender_create,
duckdb_appender_create_ext,Appender,False,4649,True,True,appender_create_ext,,True,True,AppenderCreateExt,,True,True,duckdb_appender_create_ext,,True,True,Appender.DuckDBAppenderCreateExt,,False,False,,,True,False,duckdb_appender_create_ext,
duckdb_appender_create_query,Appender,False,4667,False,False,,TODO: appender create query,True,True,AppenderCreateQuery,,True,False,duckdb_appender_create_query,,False,False,,,False,False,,,True,False,duckdb_appender_create_query,
duckdb_appender_column_count,Appender,False,4679,True,True,appender_column_count,,True,True,AppenderColumnCount,,True,False,duckdb_appender_column_count,,True,True,Appender.DuckDBAppenderColumnCount,,False,False,,,True,False,duckdb_appender_column_count,
duckdb_appender_column_type,Appender,False,4691,True,True,appender_column_type,,True,True,AppenderColumnType,,True,False,duckdb_appender_column_type,,True,True,Appender.DuckDBAppenderColumnType,,False,False,,,True,False,duckdb_appender_column_type,
duckdb_appender_error,Appender,True,4706,False,False,,other appender functions throw,True,True,AppenderError,,True,True,duckdb_appender_error,,False,False,,,False,True,duckdb_appender_error,,True,True,duckdb_appender_error,
duckdb_appender_error_data,Appender,False,4717,False,False,,TODO: appender error data,True,True,AppenderErrorData,,True,True,duckdb_appender_error_data,,True,True,Appender.DuckDBAppenderErrorData,,False,False,,,True,False,duckdb_appender_error_data,
duckdb_appender_flush,Appender,False,4728,True,False,appender_flush,,True,True,AppenderFlush,,True,True,duckdb_appender_flush,,True,False,Appender.DuckDBAppenderFlush,,False,True,duckdb_appender_flush,,True,True,duckdb_appender_flush,
duckdb_appender_clear,Appender,False,4737,False,False,,TODO: appender clear,True,True,AppenderClear,,True,False,duckdb_appender_clear,,True,True,Appender.DuckDBAppenderClear,,False,False,,,True,False,duckdb_appender_clear,
duckdb_appender_close,Appender,False,4748,True,False,appender_close,,True,False,AppenderClose,,True,False,duckdb_appender_close,,True,True,Appender.DuckDBAppenderClose,,False,False,,,True,False,duckdb_appender_close,
duckdb_appender_destroy,Appender,False,4760,False,False,,destroyed in finalizer,True,True,AppenderDestroy,,True,True,duckdb_appender_destroy,,True,False,Appender.DuckDBDestroyAppender,,False,True,duckdb_appender_destroy,,True,True,duckdb_appender_destroy,
duckdb_appender_add_column,Appender,False,4771,False,False,,TODO: appender columns,True,True,AppenderAddColumn,,True,True,duckdb_appender_add_column,,False,False,,,False,False,,,True,False,duckdb_appender_add_column,
duckdb_appender_clear_columns,Appender,False,4780,False,False,,TODO: appender columns,True,False,AppenderClearColumns,,True,True,duckdb_appender_clear_columns,,False,False,,,False,False,,,True,False,duckdb_appender_clear_columns,
duckdb_appender_begin_row,Appender,False,4785,False,False,,no-op,False,False,,,True,False,duckdb_appender_begin_row,,False,False,,,False,False,,,True,False,duckdb_appender_begin_row,
duckdb_appender_end_row,Appender,False,4793,True,True,appender_end_row,,False,False,,,True,True,duckdb_appender_end_row,,True,False,Appender.DuckDBAppenderEndRow,,False,True,duckdb_appender_end_row,,True,True,duckdb_appender_end_row,
duckdb_append_default,Appender,False,4798,True,True,append_default,,False,False,,,True,False,duckdb_append_default,,False,False,,,False,False,,,True,False,duckdb_append_default,
duckdb_append_default_to_chunk,Appender,False,4811,False,False,,TODO: appender default,True,False,AppendDefaultToChunk,,True,False,duckdb_append_default_to_chunk,,True,True,Appender.DuckDBAppendDefaultToChunk,,False,False,,,True,False,duckdb_append_default_to_chunk,
duckdb_append_bool,Appender,False,4817,True,True,append_bool,,False,False,,,True,True,duckdb_append_bool,,True,False,Appender.DuckDBAppendBool,,False,True,duckdb_append_bool,,True,True,duckdb_append_bool,
duckdb_append_int8,Appender,False,4822,True,True,append_int8,,False,False,,,True,True,duckdb_append_int8,,True,False,Appender.DuckDBAppendInt8,,False,True,duckdb_append_int8,,True,True,duckdb_append_int8,
duckdb_append_int16,Appender,False,4827,True,True,append_int16,,False,False,,,True,True,duckdb_append_int16,,True,False,Appender.DuckDBAppendInt16,,False,True,duckdb_append_int16,,True,True,duckdb_append_int16,
duckdb_append_int32,Appender,False,4832,True,True,append_int32,,False,False,,,True,True,duckdb_append_int32,,True,False,Appender.DuckDBAppendInt32,,False,True,duckdb_append_int32,,True,True,duckdb_append_int32,
duckdb_append_int64,Appender,False,4837,True,True,append_int64,,False,False,,,True,True,duckdb_append_int64,,True,False,Appender.DuckDBAppendInt64,,False,True,duckdb_append_int64,,True,True,duckdb_append_int64,
duckdb_append_hugeint,Appender,False,4842,True,True,append_hugeint,,False,False,,,True,True,duckdb_append_hugeint,,True,False,Appender.DuckDBAppendHugeInt,,False,True,duckdb_append_hugeint,,True,True,duckdb_append_hugeint,
duckdb_append_uint8,Appender,False,4847,True,True,append_uint8,,False,False,,,True,True,duckdb_append_uint8,,True,False,Appender.DuckDBAppendUInt8,,False,True,duckdb_append_uint8,,True,True,duckdb_append_uint8,
duckdb_append_uint16,Appender,False,4852,True,True,append_uint16,,False,False,,,True,True,duckdb_append_uint16,,True,False,Appender.DuckDBAppendUInt16,,False,True,duckdb_append_uint16,,True,True,duckdb_append_uint16,
duckdb_append_uint32,Appender,False,4857,True,True,append_uint32,,False,False,,,True,True,duckdb_append_uint32,,True,False,Appender.DuckDBAppendUInt32,,False,True,duckdb_append_uint32,,True,True,duckdb_append_uint32,
duckdb_append_uint64,Appender,False,4862,True,True,append_uint64,,False,False,,,True,True,duckdb_append_uint64,,True,False,Appender.DuckDBAppendUInt64,,False,True,duckdb_append_uint64,,True,True,duckdb_append_uint64,
duckdb_append_uhugeint,Appender,False,4867,True,True,append_uhugeint,,False,False,,,True,True,duckdb_append_uhugeint,,True,False,Appender.DuckDBAppendUHugeInt,,False,True,duckdb_append_uhugeint,,True,True,duckdb_append_uhugeint,
duckdb_append_float,Appender,False,4872,True,True,append_float,,False,False,,,True,True,duckdb_append_float,,True,False,Appender.DuckDBAppendFloat,,False,True,duckdb_append_float,,True,True,duckdb_append_float,
duckdb_append_double,Appender,False,4877,True,True,append_double,,False,False,,,True,True,duckdb_append_double,,True,False,Appender.DuckDBAppendDouble,,False,True,duckdb_append_double,,True,True,duckdb_append_double,
duckdb_append_date,Appender,False,4882,True,True,append_date,,False,False,,,True,True,duckdb_append_date,,True,False,Appender.DuckDBAppendDate,,False,True,duckdb_append_date,,True,True,duckdb_append_date,
duckdb_append_time,Appender,False,4887,True,True,append_time,,False,False,,,True,True,duckdb_append_time,,True,False,Appender.DuckDBAppendTime,,False,True,duckdb_append_time,,True,True,duckdb_append_time,
duckdb_append_timestamp,Appender,False,4892,True,True,append_timestamp,,False,False,,,True,True,duckdb_append_timestamp,,True,False,Appender.DuckDBAppendTimestamp,,False,True,duckdb_append_timestamp,,True,True,duckdb_append_timestamp,
duckdb_append_interval,Appender,False,4897,True,True,append_interval,,False,False,,,True,True,duckdb_append_interval,,True,False,Appender.DuckDBAppendInterval,,False,True,duckdb_append_interval,,True,False,duckdb_append_interval,
duckdb_append_varchar,Appender,False,4902,True,True,append_varchar,,False,False,,,True,False,duckdb_append_varchar,,True,False,Appender.DuckDBAppendVarchar,,False,False,,,True,True,duckdb_append_varchar,
duckdb_append_varchar_length,Appender,False,4907,False,False,,JS string includes length,False,False,,,True,True,duckdb_append_varchar_length,,True,False,Appender.DuckDBAppendVarchar,,False,True,duckdb_append_varchar_length,,True,False,duckdb_append_varchar_length,
duckdb_append_blob,Appender,False,4912,True,True,append_blob,,False,False,,,True,True,duckdb_append_blob,,True,False,Appender.DuckDBAppendBlob,,False,True,duckdb_append_blob,,True,True,duckdb_append_blob,
duckdb_append_null,Appender,False,4917,True,True,append_null,,False,False,,,True,True,duckdb_append_null,,True,False,Appender.DuckDBAppendNull,,False,True,duckdb_append_null,,True,True,duckdb_append_null,
duckdb_append_value,Appender,False,4922,True,True,append_value,,False,False,,,True,True,duckdb_append_value,,False,False,,,False,False,,,True,True,duckdb_append_value,
duckdb_append_data_chunk,Appender,False,4932,True,True,append_data_chunk,,True,True,AppendDataChunk,,True,True,duckdb_append_data_chunk,,True,True,Appender.DuckDBAppendDataChunk,,False,False,,,True,False,duckdb_append_data_chunk,
duckdb_table_description_create,Table Description,False,4951,False,False,,TODO: table description,True,False,TableDescriptionCreate,,True,False,duckdb_table_description_create,,False,False,,,False,False,,,True,False,duckdb_table_description_create,
duckdb_table_description_create_ext,Table Description,False,4965,False,False,,TODO: table description,True,True,TableDescriptionCreateExt,,True,False,duckdb_table_description_create_ext,,False,False,,,False,False,,,True,False,duckdb_table_description_create_ext,
duckdb_table_description_destroy,Table Description,False,4974,False,False,,TODO: table description,True,True,TableDescriptionDestroy,,True,False,duckdb_table_description_destroy,,False,False,,,False,False,,,True,False,duckdb_table_description_destroy,
duckdb_table_description_error,Table Description,False,4984,False,False,,TODO: table description,True,True,TableDescriptionError,,True,False,duckdb_table_description_error,,False,False,,,False,False,,,True,False,duckdb_table_description_error,
duckdb_column_has_default,Table Description,False,4994,False,False,,TODO: table description,True,False,ColumnHasDefault,,True,False,duckdb_column_has_default,,False,False,,,False,False,,,True,False,duckdb_column_has_default,
duckdb_table_description_get_column_count,Table Description,False,5002,False,False,,TODO: table description,True,True,TableDescriptionGetColumnCount,,True,False,duckdb_table_description_get_column_count,,False,False,,,False,False,,,True,False,duckdb_table_description_get_column_count,
duckdb_table_description_get_column_name,Table Description,False,5012,False,False,,TODO: table description,True,True,TableDescriptionGetColumnName,,True,False,duckdb_table_description_get_column_name,,False,False,,,False,False,,,True,False,duckdb_table_description_get_column_name,
duckdb_table_description_get_column_type,Table Description,False,5022,False,False,,TODO: table description,True,True,TableDescriptionGetColumnType,,True,False,duckdb_table_description_get_column_type,,False,False,,,False,False,,,True,False,duckdb_table_description_get_column_type,
duckdb_to_arrow_schema,Arrow Interface,False,5042,False,False,,TODO: arrow,True,False,NewArrowSchema,,True,True,duckdb_to_arrow_schema,,True,True,Arrow.DuckDBToArrowSchema,,False,False,,,True,False,duckdb_to_arrow_schema,
duckdb_data_chunk_to_arrow,Arrow Interface,False,5055,False,False,,TODO: arrow,True,False,DataChunkToArrowArray,,True,True,duckdb_data_chunk_to_arrow,,True,True,Arrow.DuckDBDataChunkToArrow,,False,False,,,True,False,duckdb_data_chunk_to_arrow,
duckdb_schema_from_arrow,Arrow Interface,False,5067,False,False,,TODO: arrow,True,False,SchemaFromArrow,,True,False,duckdb_schema_from_arrow,,False,False,,,False,False,,,True,False,duckdb_schema_from_arrow,
duckdb_data_chunk_from_arrow,Arrow Interface,False,5080,False,False,,TODO: arrow,True,False,DataChunkFromArrow,,True,False,duckdb_data_chunk_from_arrow,,False,False,,,False,False,,,True,False,duckdb_data_chunk_from_arrow,
duckdb_destroy_arrow_converted_schema,Arrow Interface,False,5090,False,False,,TODO: arrow,True,False,DestroyArrowConvertedSchema,,True,False,duckdb_destroy_arrow_converted_schema,,False,False,,,False,False,,,True,False,duckdb_destroy_arrow_converted_schema,
duckdb_query_arrow,Arrow Interface,True,5108,False,False,,deprecated,False,False,,,True,False,duckdb_query_arrow,,False,False,,,False,False,,,True,False,duckdb_query_arrow,
duckdb_query_arrow_schema,Arrow Interface,True,5120,False,False,,deprecated,True,False,QueryArrowSchema,,True,False,duckdb_query_arrow_schema,,False,False,,,False,False,,,True,False,duckdb_query_arrow_schema,
duckdb_prepared_arrow_schema,Arrow Interface,True,5132,False,False,,deprecated,False,False,,,True,False,duckdb_prepared_arrow_schema,,False,False,,,False,False,,,True,False,duckdb_prepared_arrow_schema,
duckdb_result_arrow_array,Arrow Interface,True,5145,False,False,,deprecated,False,False,,,True,False,duckdb_result_arrow_array,,False,False,,,False,False,,,True,False,duckdb_result_arrow_array,
duckdb_query_arrow_array,Arrow Interface,True,5161,False,False,,deprecated,True,False,QueryArrowArray,,True,False,duckdb_query_arrow_array,,False,False,,,False,False,,,True,False,duckdb_query_arrow_array,
duckdb_arrow_column_count,Arrow Interface,True,5171,False,False,,deprecated,False,False,,,True,False,duckdb_arrow_column_count,,False,False,,,False,False,,,True,False,duckdb_arrow_column_count,
duckdb_arrow_row_count,Arrow Interface,True,5181,False,False,,deprecated,True,False,ArrowRowCount,,True,False,duckdb_arrow_row_count,,False,False,,,False,False,,,True,False,duckdb_arrow_row_count,
duckdb_arrow_rows_changed,Arrow Interface,True,5192,False,False,,deprecated,False,False,,,True,False,duckdb_arrow_rows_changed,,False,False,,,False,False,,,True,False,duckdb_arrow_rows_changed,
duckdb_query_arrow_error,Arrow Interface,True,5205,False,False,,deprecated,True,False,QueryArrowError,,True,False,duckdb_query_arrow_error,,False,False,,,False,False,,,True,False,duckdb_query_arrow_error,
duckdb_destroy_arrow,Arrow Interface,True,5214,False,False,,deprecated,True,False,DestroyArrow,,True,False,duckdb_destroy_arrow,,False,False,,,False,False,,,True,False,duckdb_destroy_arrow,
duckdb_destroy_arrow_stream,Arrow Interface,True,5223,False,False,,deprecated,False,False,,,True,False,duckdb_destroy_arrow_stream,,False,False,,,False,False,,,True,False,duckdb_destroy_arrow_stream,
duckdb_execute_prepared_arrow,Arrow Interface,True,5235,False,False,,deprecated,True,False,ExecutePreparedArrow,,True,False,duckdb_execute_prepared_arrow,,False,False,,,False,False,,,True,False,duckdb_execute_prepared_arrow,
duckdb_arrow_scan,Arrow Interface,True,5248,False,False,,deprecated,True,False,ArrowScan,,True,False,duckdb_arrow_scan,,False,False,,,False,False,,,True,False,duckdb_arrow_scan,
duckdb_arrow_array_scan,Arrow Interface,True,5264,False,False,,deprecated,False,False,,,True,False,duckdb_arrow_array_scan,,False,False,,,False,False,,,True,False,duckdb_arrow_array_scan,
duckdb_execute_tasks,Threading Information,False,5285,False,False,,TODO: tasks,False,False,,,True,False,duckdb_execute_tasks,,False,False,,,False,False,,,True,False,duckdb_execute_tasks,
duckdb_create_task_state,Threading Information,False,5296,False,False,,TODO: tasks,False,False,,,True,False,duckdb_create_task_state,,False,False,,,False,False,,,True,True,duckdb_create_task_state,
duckdb_execute_tasks_state,Threading Information,False,5306,False,False,,TODO: tasks,False,False,,,True,False,duckdb_execute_tasks_state,,False,False,,,False,False,,,True,False,duckdb_execute_tasks_state,
duckdb_execute_n_tasks_state,Threading Information,False,5320,False,False,,TODO: tasks,False,False,,,True,False,duckdb_execute_n_tasks_state,,False,False,,,False,False,,,True,True,duckdb_execute_n_tasks_state,
duckdb_finish_execution,Threading Information,False,5327,False,False,,TODO: tasks,False,False,,,True,False,duckdb_finish_execution,,False,False,,,False,False,,,True,True,duckdb_finish_execution,
duckdb_task_state_is_finished,Threading Information,False,5335,False,False,,TODO: tasks,False,False,,,True,False,duckdb_task_state_is_finished,,False,False,,,False,False,,,True,True,duckdb_task_state_is_finished,
duckdb_destroy_task_state,Threading Information,False,5345,False,False,,TODO: tasks,False,False,,,True,False,duckdb_destroy_task_state,,False,False,,,False,False,,,True,True,duckdb_destroy_task_state,
duckdb_execution_is_finished,Threading Information,False,5352,False,False,,TODO: tasks,False,False,,,True,False,duckdb_execution_is_finished,,False,False,,,False,False,,,True,True,duckdb_execution_is_finished,
duckdb_stream_fetch_chunk,Streaming Result Interface,True,5380,False,False,,deprecated,True,False,StreamFetchChunk,,True,False,duckdb_stream_fetch_chunk,,True,True,StreamingResult.DuckDBStreamFetchChunk,,False,False,,,True,True,duckdb_stream_fetch_chunk,
duckdb_fetch_chunk,Streaming Result Interface,False,5394,True,True,fetch_chunk,,True,True,FetchChunk,,True,True,duckdb_fetch_chunk,,True,True,Query.DuckDBFetchChunk,,False,False,,,True,False,duckdb_fetch_chunk,
duckdb_create_cast_function,Cast Functions,False,5408,False,False,,TODO: cast function,False,False,,,True,False,duckdb_create_cast_function,,False,False,,,False,False,,,True,False,duckdb_create_cast_function,
duckdb_cast_function_set_source_type,Cast Functions,False,5416,False,False,,TODO: cast function,False,False,,,True,False,duckdb_cast_function_set_source_type,,False,False,,,False,False,,,True,False,duckdb_cast_function_set_source_type,
duckdb_cast_function_set_target_type,Cast Functions,False,5425,False,False,,TODO: cast function,False,False,,,True,False,duckdb_cast_function_set_target_type,,False,False,,,False,False,,,True,False,duckdb_cast_function_set_target_type,
duckdb_cast_function_set_implicit_cast_cost,Cast Functions,False,5434,False,False,,TODO: cast function,False,False,,,True,False,duckdb_cast_function_set_implicit_cast_cost,,False,False,,,False,False,,,True,False,duckdb_cast_function_set_implicit_cast_cost,
duckdb_cast_function_set_function,Cast Functions,False,5442,False,False,,TODO: cast function,False,False,,,True,False,duckdb_cast_function_set_function,,False,False,,,False,False,,,True,False,duckdb_cast_function_set_function,
duckdb_cast_function_set_extra_info,Cast Functions,False,5451,False,False,,TODO: cast function,False,False,,,True,False,duckdb_cast_function_set_extra_info,,False,False,,,False,False,,,True,False,duckdb_cast_function_set_extra_info,
duckdb_cast_function_get_extra_info,Cast Functions,False,5460,False,False,,TODO: cast function,False,False,,,True,False,duckdb_cast_function_get_extra_info,,False,False,,,False,False,,,True,False,duckdb_cast_function_get_extra_info,
duckdb_cast_function_get_cast_mode,Cast Functions,False,5468,False,False,,TODO: cast function,False,False,,,True,False,duckdb_cast_function_get_cast_mode,,False,False,,,False,False,,,True,False,duckdb_cast_function_get_cast_mode,
duckdb_cast_function_set_error,Cast Functions,False,5476,False,False,,TODO: cast function,False,False,,,True,False,duckdb_cast_function_set_error,,False,False,,,False,False,,,True,False,duckdb_cast_function_set_error,
duckdb_cast_function_set_row_error,Cast Functions,False,5486,False,False,,TODO: cast function,False,False,,,True,False,duckdb_cast_function_set_row_error,,False,False,,,False,False,,,True,False,duckdb_cast_function_set_row_error,
duckdb_register_cast_function,Cast Functions,False,5496,False,False,,TODO: cast function,False,False,,,True,False,duckdb_register_cast_function,,False,False,,,False,False,,,True,False,duckdb_register_cast_function,
duckdb_destroy_cast_function,Cast Functions,False,5503,False,False,,TODO: cast function,False,False,,,True,False,duckdb_destroy_cast_function,,False,False,,,False,False,,,True,False,duckdb_destroy_cast_function,
duckdb_destroy_expression,Expression Interface,False,5518,False,False,,TODO: expression,True,True,DestroyExpression,,True,False,duckdb_destroy_expression,,False,False,,,False,False,,,True,False,duckdb_destroy_expression,
duckdb_expression_return_type,Expression Interface,False,5526,False,False,,TODO: expression,True,False,ExpressionReturnType,,True,False,duckdb_expression_return_type,,False,False,,,False,False,,,True,False,duckdb_expression_return_type,
duckdb_expression_is_foldable,Expression Interface,False,5534,False,False,,TODO: expression,True,True,ExpressionIsFoldable,,True,False,duckdb_expression_is_foldable,,False,False,,,False,False,,,True,False,duckdb_expression_is_foldable,
duckdb_expression_fold,Expression Interface,False,5544,False,False,,TODO: expression,True,True,ExpressionFold,,True,False,duckdb_expression_fold,,False,False,,,False,False,,,True,False,duckdb_expression_fold,
duckdb_client_context_get_file_system,File System Interface,False,5561,False,False,,TODO: file system,False,False,,,True,False,duckdb_client_context_get_file_system,,False,False,,,False,False,,,True,False,duckdb_client_context_get_file_system,
duckdb_destroy_file_system,File System Interface,False,5567,False,False,,TODO: file system,False,False,,,True,False,duckdb_destroy_file_system,,False,False,,,False,False,,,True,False,duckdb_destroy_file_system,
duckdb_file_system_error_data,File System Interface,False,5575,False,False,,TODO: file system,False,False,,,True,False,duckdb_file_system_error_data,,False,False,,,False,False,,,True,False,duckdb_file_system_error_data,
duckdb_file_system_open,File System Interface,False,5588,False,False,,TODO: file system,False,False,,,True,False,duckdb_file_system_open,,False,False,,,False,False,,,True,False,duckdb_file_system_open,
duckdb_create_file_open_options,File System Interface,False,5596,False,False,,TODO: file system,False,False,,,True,False,duckdb_create_file_open_options,,False,False,,,False,False,,,True,False,duckdb_create_file_open_options,
duckdb_file_open_options_set_flag,File System Interface,False,5607,False,False,,TODO: file system,False,False,,,True,False,duckdb_file_open_options_set_flag,,False,False,,,False,False,,,True,False,duckdb_file_open_options_set_flag,
duckdb_destroy_file_open_options,File System Interface,False,5614,False,False,,TODO: file system,False,False,,,True,False,duckdb_destroy_file_open_options,,False,False,,,False,False,,,True,False,duckdb_destroy_file_open_options,
duckdb_destroy_file_handle,File System Interface,False,5622,False,False,,TODO: file system,False,False,,,True,False,duckdb_destroy_file_handle,,False,False,,,False,False,,,True,False,duckdb_destroy_file_handle,
duckdb_file_handle_error_data,File System Interface,False,5630,False,False,,TODO: file system,False,False,,,True,False,duckdb_file_handle_error_data,,False,False,,,False,False,,,True,False,duckdb_file_handle_error_data,
duckdb_file_handle_read,File System Interface,False,5640,False,False,,TODO: file system,False,False,,,True,False,duckdb_file_handle_read,,False,False,,,False,False,,,True,False,duckdb_file_handle_read,
duckdb_file_handle_write,File System Interface,False,5650,False,False,,TODO: file system,False,False,,,True,False,duckdb_file_handle_write,,False,False,,,False,False,,,True,False,duckdb_file_handle_write,
duckdb_file_handle_tell,File System Interface,False,5658,False,False,,TODO: file system,False,False,,,True,False,duckdb_file_handle_tell,,False,False,,,False,False,,,True,False,duckdb_file_handle_tell,
duckdb_file_handle_size,File System Interface,False,5666,False,False,,TODO: file system,False,False,,,True,False,duckdb_file_handle_size,,False,False,,,False,False,,,True,False,duckdb_file_handle_size,
duckdb_file_handle_seek,File System Interface,False,5675,False,False,,TODO: file system,False,False,,,True,False,duckdb_file_handle_seek,,False,False,,,False,False,,,True,False,duckdb_file_handle_seek,
duckdb_file_handle_sync,File System Interface,False,5684,False,False,,TODO: file system,False,False,,,True,False,duckdb_file_handle_sync,,False,False,,,False,False,,,True,False,duckdb_file_handle_sync,
duckdb_file_handle_close,File System Interface,False,5693,False,False,,TODO: file system,False,False,,,True,False,duckdb_file_handle_close,,False,False,,,False,False,,,True,False,duckdb_file_handle_close,
duckdb_create_config_option,Config Options Interface,False,5707,False,False,,TODO: config option,False,False,,,True,False,duckdb_create_config_option,,False,False,,,False,False,,,True,False,duckdb_create_config_option,
duckdb_destroy_config_option,Config Options Interface,False,5713,False,False,,TODO: config option,False,False,,,True,False,duckdb_destroy_config_option,,False,False,,,False,False,,,True,False,duckdb_destroy_config_option,
duckdb_config_option_set_name,Config Options Interface,False,5721,False,False,,TODO: config option,False,False,,,True,False,duckdb_config_option_set_name,,False,False,,,False,False,,,True,False,duckdb_config_option_set_name,
duckdb_config_option_set_type,Config Options Interface,False,5729,False,False,,TODO: config option,False,False,,,True,False,duckdb_config_option_set_type,,False,False,,,False,False,,,True,False,duckdb_config_option_set_type,
duckdb_config_option_set_default_value,Config Options Interface,False,5739,False,False,,TODO: config option,False,False,,,True,False,duckdb_config_option_set_default_value,,False,False,,,False,False,,,True,False,duckdb_config_option_set_default_value,
duckdb_config_option_set_default_scope,Config Options Interface,False,5748,False,False,,TODO: config option,False,False,,,True,False,duckdb_config_option_set_default_scope,,False,False,,,False,False,,,True,False,duckdb_config_option_set_default_scope,
duckdb_config_option_set_description,Config Options Interface,False,5757,False,False,,TODO: config option,False,False,,,True,False,duckdb_config_option_set_description,,False,False,,,False,False,,,True,False,duckdb_config_option_set_description,
duckdb_register_config_option,Config Options Interface,False,5766,False,False,,TODO: config option,False,False,,,True,False,duckdb_register_config_option,,False,False,,,False,False,,,True,False,duckdb_register_config_option,
duckdb_client_context_get_config_option,Config Options Interface,False,5778,False,False,,TODO: config option,False,False,,,True,False,duckdb_client_context_get_config_option,,False,False,,,False,False,,,True,False,duckdb_client_context_get_config_option,
duckdb_create_copy_function,Copy Functions,False,5795,False,False,,TODO: copy function,False,False,,,True,False,duckdb_create_copy_function,,False,False,,,False,False,,,True,False,duckdb_create_copy_function,
duckdb_copy_function_set_name,Copy Functions,False,5803,False,False,,TODO: copy function,False,False,,,True,False,duckdb_copy_function_set_name,,False,False,,,False,False,,,True,False,duckdb_copy_function_set_name,
duckdb_copy_function_set_extra_info,Copy Functions,False,5812,False,False,,TODO: copy function,False,False,,,True,False,duckdb_copy_function_set_extra_info,,False,False,,,False,False,,,True,False,duckdb_copy_function_set_extra_info,
duckdb_register_copy_function,Copy Functions,False,5821,False,False,,TODO: copy function,False,False,,,True,False,duckdb_register_copy_function,,False,False,,,False,False,,,True,False,duckdb_register_copy_function,
duckdb_destroy_copy_function,Copy Functions,False,5828,False,False,,TODO: copy function,False,False,,,True,False,duckdb_destroy_copy_function,,False,False,,,False,False,,,True,False,duckdb_destroy_copy_function,
duckdb_copy_function_set_bind,Copy Functions,False,5835,False,False,,TODO: copy function,False,False,,,True,False,duckdb_copy_function_set_bind,,False,False,,,False,False,,,True,False,duckdb_copy_function_set_bind,
duckdb_copy_function_bind_set_error,Copy Functions,False,5843,False,False,,TODO: copy function,False,False,,,True,False,duckdb_copy_function_bind_set_error,,False,False,,,False,False,,,True,False,duckdb_copy_function_bind_set_error,
duckdb_copy_function_bind_get_extra_info,Copy Functions,False,5851,False,False,,TODO: copy function,False,False,,,True,False,duckdb_copy_function_bind_get_extra_info,,False,False,,,False,False,,,True,False,duckdb_copy_function_bind_get_extra_info,
duckdb_copy_function_bind_get_client_context,Copy Functions,False,5861,False,False,,TODO: copy function,False,False,,,True,False,duckdb_copy_function_bind_get_client_context,,False,False,,,False,False,,,True,False,duckdb_copy_function_bind_get_client_context,
duckdb_copy_function_bind_get_column_count,Copy Functions,False,5869,False,False,,TODO: copy function,False,False,,,True,False,duckdb_copy_function_bind_get_column_count,,False,False,,,False,False,,,True,False,duckdb_copy_function_bind_get_column_count,
duckdb_copy_function_bind_get_column_type,Copy Functions,False,5878,False,False,,TODO: copy function,False,False,,,True,False,duckdb_copy_function_bind_get_column_type,,False,False,,,False,False,,,True,False,duckdb_copy_function_bind_get_column_type,
duckdb_copy_function_bind_get_options,Copy Functions,False,5887,False,False,,TODO: copy function,False,False,,,True,False,duckdb_copy_function_bind_get_options,,False,False,,,False,False,,,True,False,duckdb_copy_function_bind_get_options,
duckdb_copy_function_bind_set_bind_data,Copy Functions,False,5896,False,False,,TODO: copy function,False,False,,,True,False,duckdb_copy_function_bind_set_bind_data,,False,False,,,False,False,,,True,False,duckdb_copy_function_bind_set_bind_data,
duckdb_copy_function_set_global_init,Copy Functions,False,5904,False,False,,TODO: copy function,False,False,,,True,False,duckdb_copy_function_set_global_init,,False,False,,,False,False,,,True,False,duckdb_copy_function_set_global_init,
duckdb_copy_function_global_init_set_error,Copy Functions,False,5913,False,False,,TODO: copy function,False,False,,,True,False,duckdb_copy_function_global_init_set_error,,False,False,,,False,False,,,True,False,duckdb_copy_function_global_init_set_error,
duckdb_copy_function_global_init_get_extra_info,Copy Functions,False,5922,False,False,,TODO: copy function,False,False,,,True,False,duckdb_copy_function_global_init_get_extra_info,,False,False,,,False,False,,,True,False,duckdb_copy_function_global_init_get_extra_info,
duckdb_copy_function_global_init_get_client_context,Copy Functions,False,5932,False,False,,TODO: copy function,False,False,,,True,False,duckdb_copy_function_global_init_get_client_context,,False,False,,,False,False,,,True,False,duckdb_copy_function_global_init_get_client_context,
duckdb_copy_function_global_init_get_bind_data,Copy Functions,False,5941,False,False,,TODO: copy function,False,False,,,True,False,duckdb_copy_function_global_init_get_bind_data,,False,False,,,False,False,,,True,False,duckdb_copy_function_global_init_get_bind_data,
duckdb_copy_function_global_init_get_file_path,Copy Functions,False,5951,False,False,,TODO: copy function,False,False,,,True,False,duckdb_copy_function_global_init_get_file_path,,False,False,,,False,False,,,True,False,duckdb_copy_function_global_init_get_file_path,
duckdb_copy_function_global_init_set_global_state,Copy Functions,False,5960,False,False,,TODO: copy function,False,False,,,True,False,duckdb_copy_function_global_init_set_global_state,,False,False,,,False,False,,,True,False,duckdb_copy_function_global_init_set_global_state,
duckdb_copy_function_set_sink,Copy Functions,False,5969,False,False,,TODO: copy function,False,False,,,True,False,duckdb_copy_function_set_sink,,False,False,,,False,False,,,True,False,duckdb_copy_function_set_sink,
duckdb_copy_function_sink_set_error,Copy Functions,False,5978,False,False,,TODO: copy function,False,False,,,True,False,duckdb_copy_function_sink_set_error,,False,False,,,False,False,,,True,False,duckdb_copy_function_sink_set_error,
duckdb_copy_function_sink_get_extra_info,Copy Functions,False,5986,False,False,,TODO: copy function,False,False,,,True,False,duckdb_copy_function_sink_get_extra_info,,False,False,,,False,False,,,True,False,duckdb_copy_function_sink_get_extra_info,
duckdb_copy_function_sink_get_client_context,Copy Functions,False,5996,False,False,,TODO: copy function,False,False,,,True,False,duckdb_copy_function_sink_get_client_context,,False,False,,,False,False,,,True,False,duckdb_copy_function_sink_get_client_context,
duckdb_copy_function_sink_get_bind_data,Copy Functions,False,6004,False,False,,TODO: copy function,False,False,,,True,False,duckdb_copy_function_sink_get_bind_data,,False,False,,,False,False,,,True,False,duckdb_copy_function_sink_get_bind_data,
duckdb_copy_function_sink_get_global_state,Copy Functions,False,6012,False,False,,TODO: copy function,False,False,,,True,False,duckdb_copy_function_sink_get_global_state,,False,False,,,False,False,,,True,False,duckdb_copy_function_sink_get_global_state,
duckdb_copy_function_set_finalize,Copy Functions,False,6019,False,False,,TODO: copy function,False,False,,,True,False,duckdb_copy_function_set_finalize,,False,False,,,False,False,,,True,False,duckdb_copy_function_set_finalize,
duckdb_copy_function_finalize_set_error,Copy Functions,False,6028,False,False,,TODO: copy function,False,False,,,True,False,duckdb_copy_function_finalize_set_error,,False,False,,,False,False,,,True,False,duckdb_copy_function_finalize_set_error,
duckdb_copy_function_finalize_get_extra_info,Copy Functions,False,6036,False,False,,TODO: copy function,False,False,,,True,False,duckdb_copy_function_finalize_get_extra_info,,False,False,,,False,False,,,True,False,duckdb_copy_function_finalize_get_extra_info,
duckdb_copy_function_finalize_get_client_context,Copy Functions,False,6046,False,False,,TODO: copy function,False,False,,,True,False,duckdb_copy_function_finalize_get_client_context,,False,False,,,False,False,,,True,False,duckdb_copy_function_finalize_get_client_context,
duckdb_copy_function_finalize_get_bind_data,Copy Functions,False,6055,False,False,,TODO: copy function,False,False,,,True,False,duckdb_copy_function_finalize_get_bind_data,,False,False,,,False,False,,,True,False,duckdb_copy_function_finalize_get_bind_data,
duckdb_copy_function_finalize_get_global_state,Copy Functions,False,6063,False,False,,TODO: copy function,False,False,,,True,False,duckdb_copy_function_finalize_get_global_state,,False,False,,,False,False,,,True,False,duckdb_copy_function_finalize_get_global_state,
duckdb_copy_function_set_copy_from_function,Copy Functions,False,6083,False,False,,TODO: copy function,False,False,,,True,False,duckdb_copy_function_set_copy_from_function,,False,False,,,False,False,,,True,False,duckdb_copy_function_set_copy_from_function,
duckdb_table_function_bind_get_result_column_count,Copy Functions,False,6095,False,False,,TODO: copy function,False,False,,,True,False,duckdb_table_function_bind_get_result_column_count,,False,False,,,False,False,,,True,False,duckdb_table_function_bind_get_result_column_count,
duckdb_table_function_bind_get_result_column_name,Copy Functions,False,6110,False,False,,TODO: copy function,False,False,,,True,False,duckdb_table_function_bind_get_result_column_name,,False,False,,,False,False,,,True,False,duckdb_table_function_bind_get_result_column_name,
duckdb_table_function_bind_get_result_column_type,Copy Functions,False,6124,False,False,,TODO: copy function,False,False,,,True,False,duckdb_table_function_bind_get_result_column_type,,False,False,,,False,False,,,True,False,duckdb_table_function_bind_get_result_column_type,
duckdb_client_context_get_catalog,Catalog Interface,False,6146,False,False,,TODO: catalog,False,False,,,True,False,duckdb_client_context_get_catalog,,False,False,,,False,False,,,True,False,duckdb_client_context_get_catalog,
duckdb_catalog_get_type_name,Catalog Interface,False,6156,False,False,,TODO: catalog,False,False,,,True,False,duckdb_catalog_get_type_name,,False,False,,,False,False,,,True,False,duckdb_catalog_get_type_name,
duckdb_catalog_get_entry,Catalog Interface,False,6170,False,False,,TODO: catalog,False,False,,,True,False,duckdb_catalog_get_entry,,False,False,,,False,False,,,True,False,duckdb_catalog_get_entry,
duckdb_destroy_catalog,Catalog Interface,False,6181,False,False,,TODO: catalog,False,False,,,True,False,duckdb_destroy_catalog,,False,False,,,False,False,,,True,False,duckdb_destroy_catalog,
duckdb_catalog_entry_get_type,Catalog Interface,False,6189,False,False,,TODO: catalog,False,False,,,True,False,duckdb_catalog_entry_get_type,,False,False,,,False,False,,,True,False,duckdb_catalog_entry_get_type,
duckdb_catalog_entry_get_name,Catalog Interface,False,6198,False,False,,TODO: catalog,False,False,,,True,False,duckdb_catalog_entry_get_name,,False,False,,,False,False,,,True,False,duckdb_catalog_entry_get_name,
duckdb_destroy_catalog_entry,Catalog Interface,False,6207,False,False,,TODO: catalog,False,False,,,True,False,duckdb_destroy_catalog_entry,,False,False,,,False,False,,,True,False,duckdb_destroy_catalog_entry,
duckdb_create_log_storage,Logging,False,6222,False,False,,TODO: log storage,True,True,CreateLogStorage,,True,False,duckdb_create_log_storage,,False,False,,,False,False,,,True,False,duckdb_create_log_storage,
duckdb_destroy_log_storage,Logging,False,6229,False,False,,TODO: log storage,True,True,DestroyLogStorage,,True,False,duckdb_destroy_log_storage,,False,False,,,False,False,,,True,False,duckdb_destroy_log_storage,
duckdb_log_storage_set_write_log_entry,Logging,False,6237,False,False,,TODO: log storage,True,True,LogStorageSetWriteLogEntry,,True,False,duckdb_log_storage_set_write_log_entry,,False,False,,,False,False,,,True,False,duckdb_log_storage_set_write_log_entry,
duckdb_log_storage_set_extra_data,Logging,False,6247,False,False,,TODO: log storage,True,True,LogStorageSetExtraData,,True,False,duckdb_log_storage_set_extra_data,,False,False,,,False,False,,,True,False,duckdb_log_storage_set_extra_data,
duckdb_log_storage_set_name,Logging,False,6256,False,False,,TODO: log storage,True,True,LogStorageSetName,,True,False,duckdb_log_storage_set_name,,False,False,,,False,False,,,True,False,duckdb_log_storage_set_name,
duckdb_register_log_storage,Logging,False,6265,False,False,,TODO: log storage,True,True,RegisterLogStorage,,True,False,duckdb_register_log_storage,,False,False,,,False,False,,,True,False,duckdb_register_log_storage,
duckdb_geometry_type_get_crs,Geometry Helpers,False,6281,True,True,geometry_type_get_crs,,True,False,GeometryTypeGetCRS,,True,True,duckdb_geometry_type_get_crs,,False,False,,,False,False,,,True,False,duckdb_geometry_type_get_crs,
